"Country_Code","Year","Total_Trade","Productivity","Country_Full"
"ARG",1993,29890.66,14.229115,"Argentina"
"ARG",1994,37419.7,16.264364,"Argentina"
"ARG",1995,41084.21,19.057482,"Argentina"
"ARG",1996,47571.19,23.936634,"Argentina"
"ARG",1997,56780.22,23.406992,"Argentina"
"ARG",1998,57810.92,22.246105,"Argentina"
"ARG",1999,48840.6,20.943682,"Argentina"
"ARG",2000,51621.49,20.869158,"Argentina"
"ARG",2001,46931.19,20.300793,"Argentina"
"ARG",2002,34698.92,18.544622,"Argentina"
"ARG",2003,43789.52,19.140049,"Argentina"
"ARG",2004,57020.96,19.305756,"Argentina"
"ARG",2005,68795.03,19.672619,"Argentina"
"ARG",2006,80699.76,20.713331,"Argentina"
"ARG",2007,100486.62,21.948978,"Argentina"
"ARG",2008,127480.62,23.103422,"Argentina"
"ARG",2009,94458.28,22.24469,"Argentina"
"ARG",2010,124966.83,24.664722,"Argentina"
"ARG",2011,156941.75,27.121876,"Argentina"
"ARG",2012,147956.35,27.660812,"Argentina"
"ARG",2013,150404.73,27.395718,"Argentina"
"ARG",2014,134140.34,26.616257,"Argentina"
"ARG",2015,116986.79,26.997778,"Argentina"
"ARG",2016,113790.16,27.98419,"Argentina"
"ARG",2017,125283.49,30.95546,"Argentina"
"ARG",2018,126999.33,30.952593,"Argentina"
"ARG",2019,114239.16,29.42588,"Argentina"
"AUS",1988,65231.13,35.419254,"Australia"
"AUS",1989,75601.06,34.992744,"Australia"
"AUS",1990,77414.05,34.717422,"Australia"
"AUS",1991,79239.1,35.753605,"Australia"
"AUS",1992,82677.02,37.43999,"Australia"
"AUS",1993,84245.8,38.279926,"Australia"
"AUS",1994,97171.85,38.63741,"Australia"
"AUS",1995,110423.35,39.189438,"Australia"
"AUS",1996,121606.83,41.00176,"Australia"
"AUS",1997,124649.91,42.7722,"Australia"
"AUS",1998,116582.7,43.82873,"Australia"
"AUS",1999,119732.56,45.23416,"Australia"
"AUS",2000,135321.46,45.415455,"Australia"
"AUS",2001,127608.17,47.16524,"Australia"
"AUS",2002,138010.07,47.55953,"Australia"
"AUS",2003,159353.34,48.647198,"Australia"
"AUS",2004,195966.76,49.612198,"Australia"
"AUS",2005,231232.3,51.532955,"Australia"
"AUS",2006,262678.64,51.622116,"Australia"
"AUS",2007,306653.04,51.45444,"Australia"
"AUS",2008,387470.28,52.85944,"Australia"
"AUS",2009,319500.72,53.129284,"Australia"
"AUS",2010,413812.06,56.738533,"Australia"
"AUS",2011,503629.21,58.76907,"Australia"
"AUS",2012,506707.7,58.172035,"Australia"
"AUS",2013,484636.38,60.47338,"Australia"
"AUS",2014,467988.91,60.122875,"Australia"
"AUS",2015,387905.93,56.053726,"Australia"
"AUS",2016,379036,59.619713,"Australia"
"AUS",2017,458966.03,60.34168,"Australia"
"AUS",2018,492198.08,61.878532,"Australia"
"AUS",2019,491788.64,61.438488,"Australia"
"AUT",1994,100362.59,37.20332,"Austria"
"AUT",1995,123988.6,39.36852,"Austria"
"AUT",1996,125114.21,39.323376,"Austria"
"AUT",1997,120344.72,40.81398,"Austria"
"AUT",1998,127955.01,42.53225,"Austria"
"AUT",1999,125275.02,43.386806,"Austria"
"AUT",2000,132048.61,45.390182,"Austria"
"AUT",2001,136983.99,44.377754,"Austria"
"AUT",2002,145908.86,45.44068,"Austria"
"AUT",2003,180852.13,46.49087,"Austria"
"AUT",2004,222090.91,48.04215,"Austria"
"AUT",2005,237671.8,52.797462,"Austria"
"AUT",2006,268525.84,53.47992,"Austria"
"AUT",2007,312644.06,54.648876,"Austria"
"AUT",2008,347253.7,55.810387,"Austria"
"AUT",2009,267805.68,54.958294,"Austria"
"AUT",2010,295474.66,56.444805,"Austria"
"AUT",2011,351861.25,57.740795,"Austria"
"AUT",2012,328478,58.960068,"Austria"
"AUT",2013,339639.95,58.534805,"Austria"
"AUT",2014,342159.5,61.13571,"Austria"
"AUT",2015,293203.18,62.702095,"Austria"
"AUT",2016,294688.08,62.37842,"Austria"
"AUT",2017,326445.61,64.780174,"Austria"
"AUT",2018,361187.17,65.06293,"Austria"
"AUT",2019,348128.18,65.15168,"Austria"
"BGD",1989,4282.94,2.0305157,"Bangladesh"
"BGD",1990,4988.22,2.0360405,"Bangladesh"
"BGD",1991,4826.89,2.0363715,"Bangladesh"
"BGD",1992,5408.66,2.0315714,"Bangladesh"
"BGD",1993,5778.8,2.0196857,"Bangladesh"
"BGD",1995,8845.65,2.0752869,"Bangladesh"
"BGD",1996,9763.81,2.0698934,"Bangladesh"
"BGD",1997,10801.92,2.005104,"Bangladesh"
"BGD",1998,12074.88,1.9297974,"Bangladesh"
"BGD",2000,13104.49,1.8243959,"Bangladesh"
"BGD",2001,13429.95,1.8358469,"Bangladesh"
"BGD",2002,14632.4,1.8910693,"Bangladesh"
"BGD",2003,16549.12,1.9046307,"Bangladesh"
"BGD",2004,19640.22,1.9024031,"Bangladesh"
"BGD",2005,21962.11,1.9349834,"Bangladesh"
"BGD",2006,27385.25,2.0549672,"Bangladesh"
"BGD",2007,30765.82,2.224288,"Bangladesh"
"BGD",2008,39840.83,2.424032,"Bangladesh"
"BGD",2009,38803.67,2.5682456,"Bangladesh"
"BGD",2010,49734.82,2.787817,"Bangladesh"
"BGD",2011,65535.39,3.2355232,"Bangladesh"
"BGD",2012,60869.72,3.3843846,"Bangladesh"
"BGD",2013,60030.69,3.6154296,"Bangladesh"
"BGD",2015,79792.87,4.0340605,"Bangladesh"
"BEL",1999,343470.3,51.10491,"Belgium"
"BEL",2000,364829.55,52.970646,"Belgium"
"BEL",2001,369007,52.792484,"Belgium"
"BEL",2002,413897.64,53.71766,"Belgium"
"BEL",2003,490475.85,55.915703,"Belgium"
"BEL",2004,594168.66,57.090435,"Belgium"
"BEL",2005,654777.24,63.273796,"Belgium"
"BEL",2006,719929.15,60.26023,"Belgium"
"BEL",2007,844779.64,61.016037,"Belgium"
"BEL",2008,938135.83,65.654396,"Belgium"
"BEL",2009,725465.56,64.385025,"Belgium"
"BEL",2010,557549.1,69.09867,"Belgium"
"BEL",2011,669190.4,67.528786,"Belgium"
"BEL",2012,623565.13,67.90891,"Belgium"
"BEL",2013,646225.9,67.90904,"Belgium"
"BEL",2014,647648.77,68.081566,"Belgium"
"BEL",2015,512003.43,66.488235,"Belgium"
"BEL",2016,548184.08,66.85479,"Belgium"
"BEL",2017,602493.37,68.51652,"Belgium"
"BEL",2018,663464.01,66.245094,"Belgium"
"BEL",2019,630503.36,66.26524,"Belgium"
"BRA",1989,54241.64,8.606755,"Brazil"
"BRA",1990,53869.78,8.242826,"Brazil"
"BRA",1991,54597.45,9.07414,"Brazil"
"BRA",1992,58320.89,9.409157,"Brazil"
"BRA",1993,66000.29,10.025202,"Brazil"
"BRA",1994,79066.3,11.191038,"Brazil"
"BRA",1995,100239.22,12.966644,"Brazil"
"BRA",1996,104475.39,15.900982,"Brazil"
"BRA",1997,118060.41,15.198671,"Brazil"
"BRA",1998,111912.99,14.644109,"Brazil"
"BRA",1999,99758.8,13.644428,"Brazil"
"BRA",2000,115038.77,13.205463,"Brazil"
"BRA",2001,117716.76,13.1499,"Brazil"
"BRA",2002,110905.6,12.790789,"Brazil"
"BRA",2003,124638.93,12.609983,"Brazil"
"BRA",2004,162574.48,12.661911,"Brazil"
"BRA",2005,197294.39,12.894449,"Brazil"
"BRA",2006,234608.21,13.6727295,"Brazil"
"BRA",2007,287926.8,15.1835165,"Brazil"
"BRA",2008,379685.3,16.644289,"Brazil"
"BRA",2009,287169.27,17.25405,"Brazil"
"BRA",2010,393618.21,19.317396,"Brazil"
"BRA",2011,492371.57,20.919428,"Brazil"
"BRA",2012,475357.02,20.70806,"Brazil"
"BRA",2013,484825.36,20.708025,"Brazil"
"BRA",2014,461684.13,20.427624,"Brazil"
"BRA",2015,367232.36,19.356064,"Brazil"
"BRA",2016,324774,18.864923,"Brazil"
"BRA",2017,380843.34,19.188293,"Brazil"
"BRA",2018,424729.64,19.362707,"Brazil"
"BRA",2019,414288.81,19.195236,"Brazil"
"BGR",1996,9964.11,15.218238,"Bulgaria"
"BGR",1997,9871.61,11.6641445,"Bulgaria"
"BGR",1998,9288.03,14.167984,"Bulgaria"
"BGR",1999,9334.06,14.213296,"Bulgaria"
"BGR",2000,11326.53,15.97558,"Bulgaria"
"BGR",2001,12392.05,16.91231,"Bulgaria"
"BGR",2002,13735.92,17.264715,"Bulgaria"
"BGR",2003,18426.76,17.42531,"Bulgaria"
"BGR",2004,24398.19,17.387133,"Bulgaria"
"BGR",2005,29901.78,19.274733,"Bulgaria"
"BGR",2006,38370.19,19.62069,"Bulgaria"
"BGR",2007,48660.52,20.245644,"Bulgaria"
"BGR",2008,59500.88,20.501387,"Bulgaria"
"BGR",2009,39843.33,21.017033,"Bulgaria"
"BGR",2010,45967.9,23.100565,"Bulgaria"
"BGR",2011,60658.83,23.712515,"Bulgaria"
"BGR",2012,59441.91,24.541597,"Bulgaria"
"BGR",2013,63827.14,23.3278,"Bulgaria"
"BGR",2014,64126.58,23.708328,"Bulgaria"
"BGR",2015,55043.87,24.152256,"Bulgaria"
"BGR",2016,55646.32,25.448772,"Bulgaria"
"BGR",2017,65852.01,25.392122,"Bulgaria"
"BGR",2018,71714.98,26.212673,"Bulgaria"
"BGR",2019,71219.56,26.554285,"Bulgaria"
"KHM",2000,2828.22,1.4149227,"Cambodia"
"KHM",2001,3006.18,1.3620656,"Cambodia"
"KHM",2002,3590.22,1.3941027,"Cambodia"
"KHM",2003,3892.91,1.4804914,"Cambodia"
"KHM",2004,4860.2,1.5548357,"Cambodia"
"KHM",2005,5570.57,1.7654465,"Cambodia"
"KHM",2006,6555.63,1.8179532,"Cambodia"
"KHM",2007,7086.08,1.9759583,"Cambodia"
"KHM",2008,8774.84,2.1253846,"Cambodia"
"KHM",2009,8897.72,1.9446102,"Cambodia"
"KHM",2010,10492.62,1.9493625,"Cambodia"
"KHM",2011,12847.47,2.0494177,"Cambodia"
"KHM",2012,13262.98,2.262898,"Cambodia"
"KHM",2013,14897.44,2.4935715,"Cambodia"
"KHM",2014,16548.44,2.528299,"Cambodia"
"KHM",2015,19211.35,2.7521517,"Cambodia"
"KHM",2016,22440.34,2.828313,"Cambodia"
"KHM",2017,25561.54,3.02265,"Cambodia"
"KHM",2018,30189.38,3.2637424,"Cambodia"
"KHM",2019,35103.54,3.4332101,"Cambodia"
"CAN",1989,229886.59,39.153515,"Canada"
"CAN",1990,243408.1,39.458393,"Canada"
"CAN",1991,244877.55,39.580822,"Canada"
"CAN",1992,256902.31,40.403233,"Canada"
"CAN",1993,275962.73,41.056454,"Canada"
"CAN",1994,314439.99,41.86076,"Canada"
"CAN",1995,355488.71,43.244484,"Canada"
"CAN",1996,372868.1,43.56252,"Canada"
"CAN",1997,413048.24,44.49898,"Canada"
"CAN",1998,415978.9,44.221897,"Canada"
"CAN",1999,454332.89,46.135338,"Canada"
"CAN",2000,517508.16,48.0997,"Canada"
"CAN",2001,482682.5,47.65457,"Canada"
"CAN",2002,475024.32,47.368656,"Canada"
"CAN",2003,512605.94,48.947586,"Canada"
"CAN",2004,591034.89,49.97147,"Canada"
"CAN",2005,674996.87,53.21647,"Canada"
"CAN",2006,738435.83,52.629272,"Canada"
"CAN",2007,800528.22,52.54481,"Canada"
"CAN",2008,864394.35,53.956257,"Canada"
"CAN",2009,636404.4,50.187183,"Canada"
"CAN",2010,778688.6,52.5742,"Canada"
"CAN",2011,901009.52,54.738247,"Canada"
"CAN",2012,916465.15,54.253727,"Canada"
"CAN",2013,918383.34,55.697662,"Canada"
"CAN",2014,938266.16,57.38791,"Canada"
"CAN",2015,828072.05,53.85795,"Canada"
"CAN",2016,791140.96,54.124077,"Canada"
"CAN",2017,853119.43,56.25572,"Canada"
"CAN",2018,910337.44,56.634796,"Canada"
"CAN",2019,899123.55,57.244343,"Canada"
"CHL",1990,15544.3,10.217053,"Chile"
"CHL",1991,16412.69,10.965407,"Chile"
"CHL",1992,19368.79,11.760703,"Chile"
"CHL",1993,19850.12,12.317478,"Chile"
"CHL",1994,22517.75,13.427241,"Chile"
"CHL",1995,30804.19,15.035986,"Chile"
"CHL",1996,32216.79,15.147533,"Chile"
"CHL",1997,34788.99,15.38203,"Chile"
"CHL",1998,31924.03,14.596497,"Chile"
"CHL",1999,29510.66,14.155196,"Chile"
"CHL",2000,34834.23,14.319135,"Chile"
"CHL",2001,34881.57,14.177331,"Chile"
"CHL",2002,32806.49,13.952596,"Chile"
"CHL",2003,40901.22,14.278694,"Chile"
"CHL",2004,57763.75,15.642367,"Chile"
"CHL",2005,74927.31,17.545631,"Chile"
"CHL",2006,98402.58,19.737719,"Chile"
"CHL",2007,116227.23,21.209396,"Chile"
"CHL",2008,127334.43,20.655039,"Chile"
"CHL",2009,98327.37,21.182268,"Chile"
"CHL",2010,130285.22,23.995832,"Chile"
"CHL",2011,156614.97,26.033329,"Chile"
"CHL",2012,158284.7,26.869024,"Chile"
"CHL",2013,156328.88,27.298716,"Chile"
"CHL",2014,148189.96,27.769316,"Chile"
"CHL",2015,124437.07,27.039087,"Chile"
"CHL",2016,120053.38,26.58352,"Chile"
"CHL",2017,134071.85,27.260792,"Chile"
"CHL",2018,149449.73,28.114603,"Chile"
"CHL",2019,138646.86,28.418756,"Chile"
"CHN",1992,165525.31,2.432315,"China"
"CHN",1993,195702.88,2.6291595,"China"
"CHN",1994,236619.87,2.7920673,"China"
"CHN",1995,280863,3.0420306,"China"
"CHN",1996,289880.19,3.2180831,"China"
"CHN",1997,325161.91,3.2628345,"China"
"CHN",1998,324045.75,3.2003472,"China"
"CHN",1999,360629.85,3.320289,"China"
"CHN",2000,474296.28,3.524101,"China"
"CHN",2001,509651.09,3.775427,"China"
"CHN",2002,620766.07,4.0724883,"China"
"CHN",2003,850987.57,4.3798833,"China"
"CHN",2004,1154554.33,4.7892036,"China"
"CHN",2005,1421906.17,5.240103,"China"
"CHN",2006,1760396.47,5.70952,"China"
"CHN",2007,2176175.12,6.339555,"China"
"CHN",2008,2563255.23,6.7905946,"China"
"CHN",2009,2207201.99,7.314836,"China"
"CHN",2010,2973765.32,8.160233,"China"
"CHN",2011,3641783.3,8.755135,"China"
"CHN",2012,3866981.46,9.246322,"China"
"CHN",2013,4158999.59,9.604797,"China"
"CHN",2014,4301527.33,10.032687,"China"
"CHN",2015,3953032.54,10.392884,"China"
"CHN",2016,3685557.86,10.742945,"China"
"CHN",2017,4107163.44,11.3577385,"China"
"CHN",2018,4620045.12,11.380233,"China"
"CHN",2019,4578492.49,11.692401,"China"
"COL",1991,12235.61,11.571942,"Colombia"
"COL",1992,13599.97,12.032496,"Colombia"
"COL",1993,16952.6,12.007203,"Colombia"
"COL",1994,20472.47,12.118897,"Colombia"
"COL",1995,24084.54,12.136691,"Colombia"
"COL",1996,24328.03,12.026752,"Colombia"
"COL",1997,26927.82,12.097997,"Colombia"
"COL",1998,25498.35,11.842075,"Colombia"
"COL",1999,22276.22,11.3847885,"Colombia"
"COL",2000,24915.4,11.04398,"Colombia"
"COL",2001,25121.84,11.027083,"Colombia"
"COL",2002,24587.46,10.495688,"Colombia"
"COL",2003,26972.83,10.553985,"Colombia"
"COL",2004,33829.22,10.728965,"Colombia"
"COL",2005,42394.6,10.961963,"Colombia"
"COL",2006,50553.42,11.455455,"Colombia"
"COL",2007,62888.38,11.84688,"Colombia"
"COL",2008,77294.72,12.6653185,"Colombia"
"COL",2009,65750.66,12.9909935,"Colombia"
"COL",2010,80502.04,13.992607,"Colombia"
"COL",2011,111628.34,15.261172,"Colombia"
"COL",2012,118361.47,15.648261,"Colombia"
"COL",2013,118203.07,15.742564,"Colombia"
"COL",2014,118822.42,16.171175,"Colombia"
"COL",2015,89726.3,15.556253,"Colombia"
"COL",2016,75876.13,15.507443,"Colombia"
"COL",2017,83816.51,15.632915,"Colombia"
"COL",2018,93062.09,16.24981,"Colombia"
"COL",2019,92185.24,16.958618,"Colombia"
"CRI",1994,5244.77,11.457872,"Costa Rica"
"CRI",1995,5907.21,11.751092,"Costa Rica"
"CRI",1996,6340.78,11.078427,"Costa Rica"
"CRI",1997,8403.84,11.226522,"Costa Rica"
"CRI",1998,11388.38,11.975157,"Costa Rica"
"CRI",1999,12269.58,11.688505,"Costa Rica"
"CRI",2000,11515.74,11.7755375,"Costa Rica"
"CRI",2001,10988.06,12.216593,"Costa Rica"
"CRI",2002,11844.66,11.855461,"Costa Rica"
"CRI",2003,13188.57,11.971055,"Costa Rica"
"CRI",2004,13955.71,12.049881,"Costa Rica"
"CRI",2005,16323.96,12.674956,"Costa Rica"
"CRI",2006,18325.33,12.448823,"Costa Rica"
"CRI",2007,21685.47,12.474863,"Costa Rica"
"CRI",2008,25033.94,12.858949,"Costa Rica"
"CRI",2009,20386.8,13.92298,"Costa Rica"
"CRI",2010,22965.08,14.393219,"Costa Rica"
"CRI",2011,28486.04,14.72274,"Costa Rica"
"CRI",2012,29606.79,16.007177,"Costa Rica"
"CRI",2013,29596.53,15.922192,"Costa Rica"
"CRI",2014,28427.57,16.74481,"Costa Rica"
"CRI",2015,25082.76,17.4247,"Costa Rica"
"CRI",2016,25229.38,17.779793,"Costa Rica"
"CRI",2017,27648.99,18.72804,"Costa Rica"
"CRI",2018,27814.8,19.487766,"Costa Rica"
"CRI",2019,27558.26,20.024153,"Costa Rica"
"HRV",1995,12141.85,14.890187,"Croatia"
"HRV",1996,12299.49,15.311452,"Croatia"
"HRV",1997,13463.18,16.620672,"Croatia"
"HRV",1998,12924.11,17.223452,"Croatia"
"HRV",1999,12057.07,17.612299,"Croatia"
"HRV",2000,12318.11,18.520042,"Croatia"
"HRV",2001,13813.04,19.14866,"Croatia"
"HRV",2002,15625.63,20.48642,"Croatia"
"HRV",2003,20395.66,21.303438,"Croatia"
"HRV",2004,24613.33,21.742834,"Croatia"
"HRV",2005,27332.92,23.412586,"Croatia"
"HRV",2006,31879.45,24.864307,"Croatia"
"HRV",2007,38189.68,26.065681,"Croatia"
"HRV",2008,44850.66,27.103188,"Croatia"
"HRV",2009,31696.69,26.007278,"Croatia"
"HRV",2010,31877.68,26.562008,"Croatia"
"HRV",2011,36078.71,28.587975,"Croatia"
"HRV",2012,33203.24,29.960676,"Croatia"
"HRV",2013,34673.61,29.518702,"Croatia"
"HRV",2014,36750.77,28.81806,"Croatia"
"HRV",2015,33424,30.722673,"Croatia"
"HRV",2016,35477.39,31.301752,"Croatia"
"HRV",2017,40245.14,33.157127,"Croatia"
"HRV",2018,45323.56,32.155815,"Croatia"
"HRV",2019,45067.46,32.262863,"Croatia"
"CYP",1995,4924.31,31.736198,"Cyprus"
"CYP",1996,5372.48,31.336063,"Cyprus"
"CYP",1997,4948.17,32.127403,"Cyprus"
"CYP",1998,4748.13,31.289942,"Cyprus"
"CYP",1999,4614.96,32.990593,"Cyprus"
"CYP",2000,4826.87,37.073933,"Cyprus"
"CYP",2001,4921.84,36.84264,"Cyprus"
"CYP",2002,4920.31,35.53141,"Cyprus"
"CYP",2003,5389.57,32.61625,"Cyprus"
"CYP",2004,6901.9,32.660805,"Cyprus"
"CYP",2005,7928.48,37.081375,"Cyprus"
"CYP",2006,8460.57,37.981335,"Cyprus"
"CYP",2007,10235.32,38.346024,"Cyprus"
"CYP",2008,12562.34,39.743683,"Cyprus"
"CYP",2009,9284.35,40.4957,"Cyprus"
"CYP",2010,10151.18,41.430702,"Cyprus"
"CYP",2011,10743.33,41.143955,"Cyprus"
"CYP",2012,9202.95,43.860336,"Cyprus"
"CYP",2013,8551.86,42.46294,"Cyprus"
"CYP",2014,11323.65,40.367233,"Cyprus"
"CYP",2015,10497.7,41.750725,"Cyprus"
"CYP",2016,10874.39,43.303314,"Cyprus"
"CYP",2017,12668.54,42.592216,"Cyprus"
"CYP",2018,15877.94,41.64566,"Cyprus"
"CYP",2019,12700.06,42.394142,"Cyprus"
"CZE",1993,25596.07,22.713095,"Czech Republic"
"CZE",1994,29032.38,23.92454,"Czech Republic"
"CZE",1995,46988.97,24.41806,"Czech Republic"
"CZE",1996,49624.61,25.458124,"Czech Republic"
"CZE",1997,49929.88,24.658945,"Czech Republic"
"CZE",1998,58829.96,23.894592,"Czech Republic"
"CZE",1999,55679.91,24.11468,"Czech Republic"
"CZE",2000,61295.46,24.99341,"Czech Republic"
"CZE",2001,69860.86,27.296064,"Czech Republic"
"CZE",2002,92494.37,26.66842,"Czech Republic"
"CZE",2003,99959.69,28.30444,"Czech Republic"
"CZE",2004,132477.27,28.998938,"Czech Republic"
"CZE",2005,154735.86,30.995367,"Czech Republic"
"CZE",2006,188570.46,31.548971,"Czech Republic"
"CZE",2007,237722.69,33.9257,"Czech Republic"
"CZE",2008,287920.87,34.9061,"Czech Republic"
"CZE",2009,217733.86,34.344757,"Czech Republic"
"CZE",2010,257831.57,34.754707,"Czech Republic"
"CZE",2011,313205.14,35.788155,"Czech Republic"
"CZE",2012,296149.56,36.074688,"Czech Republic"
"CZE",2013,304049.96,35.771816,"Czech Republic"
"CZE",2014,327504.91,36.94107,"Czech Republic"
"CZE",2015,297910.31,37.861492,"Czech Republic"
"CZE",2016,304414.99,37.674496,"Czech Republic"
"CZE",2017,345130.29,39.42305,"Czech Republic"
"CZE",2018,387445.6,40.233643,"Czech Republic"
"CZE",2019,378742.78,40.932842,"Czech Republic"
"DNK",1989,54664.33,36.199947,"Denmark"
"DNK",1990,66418.51,37.689945,"Denmark"
"DNK",1991,67882.48,38.28121,"Denmark"
"DNK",1992,73143.43,39.69486,"Denmark"
"DNK",1993,67706.7,40.130573,"Denmark"
"DNK",1994,77038.82,42.327744,"Denmark"
"DNK",1995,91930.66,43.13151,"Denmark"
"DNK",1996,92010.89,44.58613,"Denmark"
"DNK",1997,93292.77,45.786285,"Denmark"
"DNK",1998,93410.67,46.091236,"Denmark"
"DNK",1999,93344.42,47.36426,"Denmark"
"DNK",2000,93635.59,49.45022,"Denmark"
"DNK",2001,95599.01,48.86709,"Denmark"
"DNK",2002,104958.49,48.93154,"Denmark"
"DNK",2003,120841.48,50.505646,"Denmark"
"DNK",2004,141585.77,53.430977,"Denmark"
"DNK",2005,154993.88,57.733273,"Denmark"
"DNK",2006,174825.84,58.512756,"Denmark"
"DNK",2007,199061.28,59.79641,"Denmark"
"DNK",2008,225042.32,62.95679,"Denmark"
"DNK",2009,172187.42,62.821857,"Denmark"
"DNK",2010,178941.01,68.3601,"Denmark"
"DNK",2011,208721.83,69.12133,"Denmark"
"DNK",2012,197429.54,69.71549,"Denmark"
"DNK",2013,207721.07,68.29498,"Denmark"
"DNK",2014,210316.75,68.46331,"Denmark"
"DNK",2015,179946.18,67.80658,"Denmark"
"DNK",2016,179156.77,69.00419,"Denmark"
"DNK",2017,193552.22,72.54114,"Denmark"
"DNK",2018,210221.09,73.471725,"Denmark"
"DNK",2019,206885.84,76.00354,"Denmark"
"DOM",2001,6311.09,12.159381,"Dominican Republic"
"DOM",2002,15020.29,11.998438,"Dominican Republic"
"DOM",2003,13850.67,11.167237,"Dominican Republic"
"DOM",2004,14587.98,11.204515,"Dominican Republic"
"DOM",2005,16862.62,12.313813,"Dominican Republic"
"DOM",2006,21020.47,13.39217,"Dominican Republic"
"DOM",2007,21984.78,14.156733,"Dominican Republic"
"DOM",2008,24368.61,13.8189745,"Dominican Republic"
"DOM",2009,18694.71,14.579355,"Dominican Republic"
"DOM",2010,19904.95,15.407397,"Dominican Republic"
"DOM",2011,24268.65,15.218588,"Dominican Republic"
"DOM",2012,24598.68,15.260428,"Dominican Republic"
"DOM",2013,25805.93,15.17758,"Dominican Republic"
"DOM",2014,29099.19,14.930788,"Dominican Republic"
"DOM",2015,28075.38,15.97378,"Dominican Republic"
"DOM",2016,29069.62,16.787802,"Dominican Republic"
"DOM",2017,29783.68,16.889729,"Dominican Republic"
"DOM",2018,31107.37,17.066357,"Dominican Republic"
"DOM",2019,33270.49,17.53021,"Dominican Republic"
"ECU",1995,8556.64,8.462219,"Ecuador"
"ECU",1996,8622.86,8.222675,"Ecuador"
"ECU",1997,9724.76,8.293992,"Ecuador"
"ECU",1998,9778.45,8.085482,"Ecuador"
"ECU",1999,7468.25,8.654562,"Ecuador"
"ECU",2000,8267.8,8.451831,"Ecuador"
"ECU",2001,10010.4,8.54152,"Ecuador"
"ECU",2002,11460.81,9.023662,"Ecuador"
"ECU",2003,12572.85,9.242497,"Ecuador"
"ECU",2004,15467.15,9.732682,"Ecuador"
"ECU",2005,19478.06,10.5780945,"Ecuador"
"ECU",2006,24841.36,11.242552,"Ecuador"
"ECU",2007,27365.66,11.746122,"Ecuador"
"ECU",2008,37670.26,12.561716,"Ecuador"
"ECU",2009,28952.94,12.076946,"Ecuador"
"ECU",2010,38080.77,12.846698,"Ecuador"
"ECU",2011,46628.58,13.907233,"Ecuador"
"ECU",2012,49048.54,14.7645445,"Ecuador"
"ECU",2013,52022.14,15.656399,"Ecuador"
"ECU",2014,53242.61,15.775506,"Ecuador"
"ECU",2015,39717.9,14.822678,"Ecuador"
"ECU",2016,32986.35,14.931975,"Ecuador"
"ECU",2017,38936.59,15.323919,"Ecuador"
"ECU",2018,44829.46,15.304225,"Ecuador"
"ECU",2019,44893.69,15.255215,"Ecuador"
"EST",1995,4386.65,12.301138,"Estonia"
"EST",1996,5301.88,13.50568,"Estonia"
"EST",1997,7372.96,13.651728,"Estonia"
"EST",1998,8031.57,13.645548,"Estonia"
"EST",1999,7126.64,14.061493,"Estonia"
"EST",2000,8881.23,15.343206,"Estonia"
"EST",2001,9204.67,16.098131,"Estonia"
"EST",2002,10205.52,17.122402,"Estonia"
"EST",2003,13573.36,17.849754,"Estonia"
"EST",2004,15583.44,18.683674,"Estonia"
"EST",2005,19261.02,21.846905,"Estonia"
"EST",2006,24688.85,22.57687,"Estonia"
"EST",2007,28389.97,25.209894,"Estonia"
"EST",2008,31032.59,26.09065,"Estonia"
"EST",2009,21782.42,27.819883,"Estonia"
"EST",2010,26007.93,30.204777,"Estonia"
"EST",2011,37102.5,30.91355,"Estonia"
"EST",2012,38231.6,32.658714,"Estonia"
"EST",2013,38470.34,32.855225,"Estonia"
"EST",2014,37650.21,33.371788,"Estonia"
"EST",2015,29639.46,31.78334,"Estonia"
"EST",2016,29649.69,32.530643,"Estonia"
"EST",2017,32760.65,33.487995,"Estonia"
"EST",2018,37677.8,35.467113,"Estonia"
"EST",2019,35476.52,37.103794,"Estonia"
"FIN",1988,42582.64,30.721735,"Finland"
"FIN",1989,47883.14,31.58303,"Finland"
"FIN",1990,53654.1,32.17027,"Finland"
"FIN",1991,44805.67,31.542807,"Finland"
"FIN",1992,45128.16,32.590652,"Finland"
"FIN",1993,41506.15,34.485252,"Finland"
"FIN",1994,53118.77,36.920357,"Finland"
"FIN",1995,69928.37,40.329865,"Finland"
"FIN",1996,71421.12,39.653557,"Finland"
"FIN",1997,71981.02,41.89941,"Finland"
"FIN",1998,75604.73,44.723362,"Finland"
"FIN",1999,73379.56,46.023457,"Finland"
"FIN",2000,79361.33,47.46425,"Finland"
"FIN",2001,77567.94,47.483337,"Finland"
"FIN",2002,77957.79,46.907173,"Finland"
"FIN",2003,94102.55,47.85348,"Finland"
"FIN",2004,111596.38,49.805534,"Finland"
"FIN",2005,123710.86,52.73542,"Finland"
"FIN",2006,146706.54,53.03463,"Finland"
"FIN",2007,171375.15,56.579884,"Finland"
"FIN",2008,189085.91,57.646393,"Finland"
"FIN",2009,123690.8,54.963795,"Finland"
"FIN",2010,138883.64,57.055943,"Finland"
"FIN",2011,162655.88,57.478252,"Finland"
"FIN",2012,149063.51,56.84866,"Finland"
"FIN",2013,152032.39,55.0958,"Finland"
"FIN",2014,151112.08,55.271935,"Finland"
"FIN",2015,119856.7,56.280693,"Finland"
"FIN",2016,117827.82,57.455666,"Finland"
"FIN",2017,137380.96,58.88464,"Finland"
"FIN",2018,153610.45,58.10097,"Finland"
"FIN",2019,146559.04,58.440796,"Finland"
"FRA",1994,461588.74,43.298325,"France"
"FRA",1995,557432.95,44.417713,"France"
"FRA",1996,558814.96,45.24303,"France"
"FRA",1997,549920.97,47.492073,"France"
"FRA",1998,586606.91,49.58453,"France"
"FRA",1999,582617.99,50.931835,"France"
"FRA",2000,599103.27,53.307465,"France"
"FRA",2001,583464.74,54.71325,"France"
"FRA",2002,608723.32,55.974445,"France"
"FRA",2003,720649.02,54.45298,"France"
"FRA",2004,847950.27,54.626713,"France"
"FRA",2005,910211.05,58.805424,"France"
"FRA",2006,1008915.11,60.341972,"France"
"FRA",2007,1151095.15,61.384407,"France"
"FRA",2008,1289509.28,61.362904,"France"
"FRA",2009,1004615.09,60.533497,"France"
"FRA",2010,1110822.55,62.623447,"France"
"FRA",2011,1299399.07,63.61985,"France"
"FRA",2012,1225135.78,64.426056,"France"
"FRA",2013,1239241.25,64.4049,"France"
"FRA",2014,1226528.25,64.65075,"France"
"FRA",2015,1057339.46,65.6156,"France"
"FRA",2016,1049439.93,65.87519,"France"
"FRA",2017,1136517.77,68.37434,"France"
"FRA",2018,1227910.4,68.86071,"France"
"FRA",2019,1199572.22,68.63126,"France"
"DEU",1988,573489.34,30.688011,"Germany"
"DEU",1989,610674.74,32.26974,"Germany"
"DEU",1990,740864.21,35.48058,"Germany"
"DEU",1991,791447.86,39.042515,"Germany"
"DEU",1992,838583.44,40.763165,"Germany"
"DEU",1993,722633.52,42.447567,"Germany"
"DEU",1994,808638.98,44.128757,"Germany"
"DEU",1995,987842.08,45.659077,"Germany"
"DEU",1996,982865.71,46.71666,"Germany"
"DEU",1997,957935.94,48.596165,"Germany"
"DEU",1998,1014781.58,49.783123,"Germany"
"DEU",1999,1016336.25,51.45359,"Germany"
"DEU",2000,1050436.77,52.285507,"Germany"
"DEU",2001,1057448.79,53.48152,"Germany"
"DEU",2002,1106447.45,53.929928,"Germany"
"DEU",2003,1350292.29,56.040497,"Germany"
"DEU",2004,1629892.12,57.46974,"Germany"
"DEU",2005,1756951.03,60.835007,"Germany"
"DEU",2006,2044176.28,60.941315,"Germany"
"DEU",2007,2388149.16,63.31257,"Germany"
"DEU",2008,2650044.71,64.230896,"Germany"
"DEU",2009,2054735.22,61.58084,"Germany"
"DEU",2010,2328415.46,63.392994,"Germany"
"DEU",2011,2745391.04,65.64055,"Germany"
"DEU",2012,2575783.48,65.28418,"Germany"
"DEU",2013,2638239.05,65.47312,"Germany"
"DEU",2014,2713153.67,67.03571,"Germany"
"DEU",2015,2386036.1,65.975876,"Germany"
"DEU",2016,2398118.63,67.61837,"Germany"
"DEU",2017,2550285.8,69.84848,"Germany"
"DEU",2018,2855144.87,69.22487,"Germany"
"DEU",2019,2733163.76,68.8512,"Germany"
"GRC",1988,17685.24,20.28786,"Greece"
"GRC",1989,23670.31,21.167871,"Greece"
"GRC",1990,27836.65,21.163189,"Greece"
"GRC",1992,33289.82,22.959055,"Greece"
"GRC",1993,30788.16,23.204052,"Greece"
"GRC",1994,30890.54,23.899431,"Greece"
"GRC",1995,36881.38,24.422226,"Greece"
"GRC",1996,40298.51,25.27915,"Greece"
"GRC",1997,38137.61,27.682163,"Greece"
"GRC",1998,41134.38,28.066174,"Greece"
"GRC",1999,41469.49,28.65987,"Greece"
"GRC",2000,40334.28,29.945686,"Greece"
"GRC",2001,38836.85,31.08533,"Greece"
"GRC",2002,41626.4,31.685326,"Greece"
"GRC",2003,58509.59,31.434181,"Greece"
"GRC",2004,68057.1,32.293423,"Greece"
"GRC",2005,72328.35,31.981937,"Greece"
"GRC",2006,84681.72,34.261112,"Greece"
"GRC",2007,99603.41,34.34362,"Greece"
"GRC",2008,125474.5,35.341404,"Greece"
"GRC",2009,95775.07,35.15161,"Greece"
"GRC",2010,94038.34,34.640182,"Greece"
"GRC",2011,100069.1,33.544884,"Greece"
"GRC",2012,97655.58,33.95745,"Greece"
"GRC",2013,97409.76,34.727486,"Greece"
"GRC",2014,97936.01,34.524815,"Greece"
"GRC",2015,75553.22,34.289143,"Greece"
"GRC",2016,75405.96,33.34414,"Greece"
"GRC",2017,87455.42,33.359955,"Greece"
"GRC",2018,104631.97,32.902008,"Greece"
"GRC",2019,100083.58,33.032787,"Greece"
"HUN",1992,20928.56,16.638283,"Hungary"
"HUN",1993,19616.14,18.909113,"Hungary"
"HUN",1994,25253.45,19.135939,"Hungary"
"HUN",1995,27637.58,19.703987,"Hungary"
"HUN",1996,28675.43,20.291533,"Hungary"
"HUN",1997,40333.2,19.881853,"Hungary"
"HUN",1998,48711.41,19.863832,"Hungary"
"HUN",1999,53020.42,19.768736,"Hungary"
"HUN",2000,60172.24,21.24833,"Hungary"
"HUN",2001,64179.45,22.846094,"Hungary"
"HUN",2002,71948.15,24.288334,"Hungary"
"HUN",2003,90678.2,25.020475,"Hungary"
"HUN",2004,115716.81,24.977934,"Hungary"
"HUN",2005,128191.42,28.270016,"Hungary"
"HUN",2006,151033.92,28.380608,"Hungary"
"HUN",2007,189250.6,29.219303,"Hungary"
"HUN",2008,216995.89,32.15439,"Hungary"
"HUN",2009,159844.29,32.217777,"Hungary"
"HUN",2010,182180.84,34.13525,"Hungary"
"HUN",2011,212586.83,35.106853,"Hungary"
"HUN",2012,197130.46,34.620945,"Hungary"
"HUN",2013,207310.54,34.357777,"Hungary"
"HUN",2014,216714.68,33.291115,"Hungary"
"HUN",2015,191057.7,33.037334,"Hungary"
"HUN",2016,195219.18,31.614153,"Hungary"
"HUN",2017,217665.88,33.0558,"Hungary"
"HUN",2018,241339.48,33.815914,"Hungary"
"HUN",2019,239504.67,34.83344,"Hungary"
"ISL",1988,3169.38,38.36516,"Iceland"
"ISL",1989,2801.84,37.30818,"Iceland"
"ISL",1990,3245.74,37.674282,"Iceland"
"ISL",1991,3310.48,38.367603,"Iceland"
"ISL",1992,3207.03,36.88827,"Iceland"
"ISL",1993,2748.72,37.167595,"Iceland"
"ISL",1994,3099.04,38.65729,"Iceland"
"ISL",1995,3553.84,37.698425,"Iceland"
"ISL",1996,3938.61,38.019096,"Iceland"
"ISL",1997,3870.89,41.168324,"Iceland"
"ISL",1998,4414.06,41.894547,"Iceland"
"ISL",1999,4325.2,43.916428,"Iceland"
"ISL",2000,4483.86,41.566692,"Iceland"
"ISL",2001,4296.45,42.906994,"Iceland"
"ISL",2002,4502.84,44.33425,"Iceland"
"ISL",2003,5207,45.291386,"Iceland"
"ISL",2004,6602.69,47.687218,"Iceland"
"ISL",2005,8069.42,50.887196,"Iceland"
"ISL",2006,9444.26,47.754246,"Iceland"
"ISL",2007,11461.73,49.233704,"Iceland"
"ISL",2008,11521.36,62.21874,"Iceland"
"ISL",2009,7660.95,60.839947,"Iceland"
"ISL",2010,8517.44,56.17161,"Iceland"
"ISL",2011,10194.55,56.308052,"Iceland"
"ISL",2012,9835.36,57.967678,"Iceland"
"ISL",2013,10016.95,56.47683,"Iceland"
"ISL",2014,10423.22,56.82377,"Iceland"
"ISL",2015,10007.35,58.148865,"Iceland"
"ISL",2016,10152.97,58.311256,"Iceland"
"ISL",2017,11853.37,59.125015,"Iceland"
"ISL",2018,13247.51,60.209545,"Iceland"
"ISL",2019,11807.36,64.24422,"Iceland"
"IND",1988,33223.34,1.6158221,"India"
"IND",1989,38763.22,1.682339,"India"
"IND",1990,41739.33,1.7396741,"India"
"IND",1991,37409.31,1.7505404,"India"
"IND",1992,45163.7,1.8028334,"India"
"IND",1993,45540.99,1.8518116,"India"
"IND",1994,54984.75,1.9338377,"India"
"IND",1995,68290.63,2.0703006,"India"
"IND",1996,72581.4,2.2112768,"India"
"IND",1997,76223.18,2.286061,"India"
"IND",1998,75632.27,2.450466,"India"
"IND",1999,86930.88,2.5882545,"India"
"IND",2000,95298.35,2.6448793,"India"
"IND",2001,94549.6,2.7175374,"India"
"IND",2002,107551.43,2.7897158,"India"
"IND",2003,131791.18,2.9582071,"India"
"IND",2004,174885.33,3.1424246,"India"
"IND",2005,241214.31,3.5561693,"India"
"IND",2006,299413.05,3.982323,"India"
"IND",2007,364543.34,4.450151,"India"
"IND",2008,497573.01,4.6965976,"India"
"IND",2009,443166.59,4.9839163,"India"
"IND",2010,570437.89,5.6992044,"India"
"IND",2011,763886.04,6.130244,"India"
"IND",2012,778541.15,6.6602244,"India"
"IND",2013,802656.96,6.5481606,"India"
"IND",2014,776914.1,6.832327,"India"
"IND",2015,655125.73,7.217728,"India"
"IND",2016,617031.7,7.6099877,"India"
"IND",2017,738416.84,8.009788,"India"
"IND",2018,940237.17,8.536673,"India"
"IND",2019,802134.46,8.680879,"India"
"IDN",1989,38387.67,4.0882397,"Indonesia"
"IDN",1990,47512.35,4.448761,"Indonesia"
"IDN",1991,55011.18,4.7533717,"Indonesia"
"IDN",1992,61246.58,5.0228434,"Indonesia"
"IDN",1993,65150.49,5.3013487,"Indonesia"
"IDN",1994,72036.89,5.382208,"Indonesia"
"IDN",1995,86046.66,5.7512407,"Indonesia"
"IDN",1996,92743.16,6.1446958,"Indonesia"
"IDN",1997,95123.33,6.1283298,"Indonesia"
"IDN",1998,76184.35,4.7448893,"Indonesia"
"IDN",1999,72668.67,4.656925,"Indonesia"
"IDN",2000,95638.81,4.382114,"Indonesia"
"IDN",2001,87279.01,4.385334,"Indonesia"
"IDN",2002,88447.59,4.4666085,"Indonesia"
"IDN",2003,93608.87,4.4112577,"Indonesia"
"IDN",2004,118107,4.7213187,"Indonesia"
"IDN",2005,143360.83,5.1756444,"Indonesia"
"IDN",2006,161864.09,5.662398,"Indonesia"
"IDN",2007,188574.3,6.0105486,"Indonesia"
"IDN",2008,266264.47,7.06172,"Indonesia"
"IDN",2009,213339.15,7.597824,"Indonesia"
"IDN",2010,293442.38,8.849966,"Indonesia"
"IDN",2011,380932.17,10.731469,"Indonesia"
"IDN",2012,381722.75,11.094654,"Indonesia"
"IDN",2013,369180.38,11.260451,"Indonesia"
"IDN",2014,354215.53,11.359391,"Indonesia"
"IDN",2015,293061.08,11.100419,"Indonesia"
"IDN",2016,280142.6,11.205149,"Indonesia"
"IDN",2017,325813.05,11.354788,"Indonesia"
"IDN",2018,368926.2,11.730033,"Indonesia"
"IDN",2019,338958.71,11.843272,"Indonesia"
"IRL",1992,50817.22,30.136293,"Ireland"
"IRL",1993,50519.5,31.908913,"Ireland"
"IRL",1994,60158.94,32.412807,"Ireland"
"IRL",1995,76110.36,35.50946,"Ireland"
"IRL",1996,81330,37.13154,"Ireland"
"IRL",1997,92852.32,40.08107,"Ireland"
"IRL",1998,108624.94,41.376198,"Ireland"
"IRL",1999,118434.57,42.902386,"Ireland"
"IRL",2000,128382.45,46.069473,"Ireland"
"IRL",2001,133605.24,48.288296,"Ireland"
"IRL",2002,140864.13,53.845882,"Ireland"
"IRL",2003,148239.76,58.170265,"Ireland"
"IRL",2004,169707.69,59.9059,"Ireland"
"IRL",2005,181117.32,62.796043,"Ireland"
"IRL",2006,190002.44,62.327534,"Ireland"
"IRL",2007,428991.14,66.14504,"Ireland"
"IRL",2008,434803.75,64.22194,"Ireland"
"IRL",2009,378773.59,67.34492,"Ireland"
"IRL",2010,185245.78,74.460724,"Ireland"
"IRL",2011,203439.49,76.79019,"Ireland"
"IRL",2012,192427.41,78.489105,"Ireland"
"IRL",2013,192530.4,76.15627,"Ireland"
"IRL",2014,205613.93,79.81215,"Ireland"
"IRL",2015,202504.15,100.3916,"Ireland"
"IRL",2016,214278.81,105.04378,"Ireland"
"IRL",2017,232400.45,109.488304,"Ireland"
"IRL",2018,274726.2,112.76292,"Ireland"
"IRL",2019,272646.44,125.09254,"Ireland"
"ISR",1995,47391.72,33.056637,"Israel"
"ISR",1996,50458.77,33.89172,"Israel"
"ISR",1997,51525.63,34.920345,"Israel"
"ISR",1998,50772.47,36.30148,"Israel"
"ISR",1999,56925.52,37.191696,"Israel"
"ISR",2000,67149.39,39.284286,"Israel"
"ISR",2001,62364.88,40.261395,"Israel"
"ISR",2002,62617.3,39.768715,"Israel"
"ISR",2003,65993.68,38.233845,"Israel"
"ISR",2004,79589.6,38.01697,"Israel"
"ISR",2005,87803.01,37.394157,"Israel"
"ISR",2006,94626.36,36.933624,"Israel"
"ISR",2007,110710.77,35.61613,"Israel"
"ISR",2008,126508.04,34.43854,"Israel"
"ISR",2009,95297.33,35.472633,"Israel"
"ISR",2010,117606.92,36.304157,"Israel"
"ISR",2011,141322.43,37.192833,"Israel"
"ISR",2012,136252.72,38.331303,"Israel"
"ISR",2013,138776.23,39.498203,"Israel"
"ISR",2014,141296.79,39.54524,"Israel"
"ISR",2015,126130.01,40.402554,"Israel"
"ISR",2016,126373.29,41.430664,"Israel"
"ISR",2017,130266.12,41.02011,"Israel"
"ISR",2018,138490.52,40.3151,"Israel"
"ISR",2019,135067.03,40.870785,"Israel"
"ITA",1994,357979.57,40.806324,"Italy"
"ITA",1995,430761.39,42.764477,"Italy"
"ITA",1996,460214.62,43.20181,"Italy"
"ITA",1997,446582.88,45.140743,"Italy"
"ITA",1998,457692.29,46.576984,"Italy"
"ITA",1999,455019.05,47.538704,"Italy"
"ITA",2000,468559.59,48.2648,"Italy"
"ITA",2001,470626.06,47.548306,"Italy"
"ITA",2002,491014.82,46.23609,"Italy"
"ITA",2003,584039.34,45.945816,"Italy"
"ITA",2004,694109.33,45.94257,"Italy"
"ITA",2005,738726.56,47.60363,"Italy"
"ITA",2006,859393.82,48.333866,"Italy"
"ITA",2007,1011523.04,49.925472,"Italy"
"ITA",2008,1104626.37,51.43633,"Italy"
"ITA",2009,821996.52,51.19159,"Italy"
"ITA",2010,933824.2,52.05406,"Italy"
"ITA",2011,1082088.28,53.21145,"Italy"
"ITA",2012,990632.97,53.286415,"Italy"
"ITA",2013,997431.45,53.77871,"Italy"
"ITA",2014,1003611.29,53.765285,"Italy"
"ITA",2015,867922.03,53.381702,"Italy"
"ITA",2016,868338.3,54.944733,"Italy"
"ITA",2017,961013.27,56.27207,"Italy"
"ITA",2018,1053488.13,56.152653,"Italy"
"ITA",2019,1012705.76,56.090836,"Italy"
"JAM",1991,2978.98,7.0897293,"Jamaica"
"JAM",1992,2824.22,7.4436655,"Jamaica"
"JAM",1993,3264.61,8.020387,"Jamaica"
"JAM",1996,4303.22,7.796191,"Jamaica"
"JAM",1997,4499.01,7.8006964,"Jamaica"
"JAM",1998,4301.74,7.818909,"Jamaica"
"JAM",1999,4143.03,8.219032,"Jamaica"
"JAM",2000,4499.25,8.493388,"Jamaica"
"JAM",2001,4625.69,8.421036,"Jamaica"
"JAM",2002,4647.19,7.7089267,"Jamaica"
"JPN",1988,452270.41,24.090681,"Japan"
"JPN",1989,486021.16,25.69327,"Japan"
"JPN",1990,521746.05,27.704779,"Japan"
"JPN",1991,551262.09,29.11402,"Japan"
"JPN",1992,572672.32,30.590227,"Japan"
"JPN",1993,601581.26,31.973555,"Japan"
"JPN",1994,670341.84,33.269157,"Japan"
"JPN",1995,779031.51,34.962364,"Japan"
"JPN",1996,760133.03,36.679893,"Japan"
"JPN",1997,759895.22,37.125977,"Japan"
"JPN",1998,668769.98,37.549026,"Japan"
"JPN",1999,727604.59,38.38752,"Japan"
"JPN",2000,858983.92,39.46904,"Japan"
"JPN",2001,752635.99,39.568127,"Japan"
"JPN",2002,754342.52,40.303066,"Japan"
"JPN",2003,855472.2,40.888096,"Japan"
"JPN",2004,1021015.03,41.53163,"Japan"
"JPN",2005,1110807.26,42.49986,"Japan"
"JPN",2006,1225789,42.47058,"Japan"
"JPN",2007,1336570.38,43.1645,"Japan"
"JPN",2008,1543946.08,42.903145,"Japan"
"JPN",2009,1132703.48,42.11367,"Japan"
"JPN",2010,1463832.99,43.54393,"Japan"
"JPN",2011,1678564.23,42.942596,"Japan"
"JPN",2012,1684651.11,42.834938,"Japan"
"JPN",2013,1548263.3,43.479416,"Japan"
"JPN",2014,1502402.22,42.72143,"Japan"
"JPN",2015,1250441.93,43.800053,"Japan"
"JPN",2016,1251856.49,42.68171,"Japan"
"JPN",2017,1370051.89,42.422935,"Japan"
"JPN",2018,1486720.33,41.73783,"Japan"
"JPN",2019,1426748.49,42.56412,"Japan"
"LVA",1995,3123.02,12.985339,"Latvia"
"LVA",1996,3762.8,12.997838,"Latvia"
"LVA",1997,4392.54,12.715266,"Latvia"
"LVA",1998,5002.49,13.3560705,"Latvia"
"LVA",1999,4670.57,14.04626,"Latvia"
"LVA",2000,7199.83,15.379379,"Latvia"
"LVA",2001,7836.82,16.111881,"Latvia"
"LVA",2002,8997.4,16.826601,"Latvia"
"LVA",2003,11557.2,17.188547,"Latvia"
"LVA",2004,15688.87,18.271309,"Latvia"
"LVA",2005,19540.17,20.249609,"Latvia"
"LVA",2006,17318.77,20.295149,"Latvia"
"LVA",2007,23049.87,21.64383,"Latvia"
"LVA",2008,25018.96,21.668264,"Latvia"
"LVA",2009,16495.26,22.450373,"Latvia"
"LVA",2010,19994.09,24.840263,"Latvia"
"LVA",2011,27418.98,26.467049,"Latvia"
"LVA",2012,28767.91,27.315512,"Latvia"
"LVA",2013,30103.65,26.652649,"Latvia"
"LVA",2014,30910.7,27.709826,"Latvia"
"LVA",2015,25745.75,28.915426,"Latvia"
"LVA",2016,25343.81,29.639683,"Latvia"
"LVA",2017,29243.1,31.568642,"Latvia"
"LVA",2018,33677.97,32.110943,"Latvia"
"LVA",2019,32214.67,33.538006,"Latvia"
"LTU",1995,6354.2,13.423672,"Lithuania"
"LTU",1996,7914.89,13.824675,"Lithuania"
"LTU",1997,9505.83,14.269204,"Lithuania"
"LTU",1998,9504.48,14.452004,"Lithuania"
"LTU",1999,7838.32,15.718054,"Lithuania"
"LTU",2000,9265.89,16.39442,"Lithuania"
"LTU",2001,10936.32,18.375858,"Lithuania"
"LTU",2002,13184.93,18.405815,"Lithuania"
"LTU",2003,16965.99,20.024971,"Lithuania"
"LTU",2004,21681.8,19.407793,"Lithuania"
"LTU",2005,27292.19,21.624893,"Lithuania"
"LTU",2006,33523.58,23.029945,"Lithuania"
"LTU",2007,41607.47,24.129486,"Lithuania"
"LTU",2008,55064.56,25.523405,"Lithuania"
"LTU",2009,34836.97,24.81404,"Lithuania"
"LTU",2010,44191.97,27.068996,"Lithuania"
"LTU",2011,59869.94,30.08933,"Lithuania"
"LTU",2012,61890.3,31.269558,"Lithuania"
"LTU",2013,67412.96,31.211437,"Lithuania"
"LTU",2014,67611.67,31.880714,"Lithuania"
"LTU",2015,53587.46,31.018784,"Lithuania"
"LTU",2016,52414.05,30.58074,"Lithuania"
"LTU",2017,60328.27,32.991947,"Lithuania"
"LTU",2018,69835.99,33.26906,"Lithuania"
"LTU",2019,68910.19,34.452484,"Lithuania"
"LUX",1999,18020.56,65.29109,"Luxembourg"
"LUX",2000,18468.55,68.86972,"Luxembourg"
"LUX",2001,19447.64,62.06307,"Luxembourg"
"LUX",2002,20121.8,59.05566,"Luxembourg"
"LUX",2003,23633.48,56.653072,"Luxembourg"
"LUX",2004,28939.56,51.67782,"Luxembourg"
"LUX",2005,30300.42,64.665146,"Luxembourg"
"LUX",2006,33823.56,61.935383,"Luxembourg"
"LUX",2007,38485.99,62.911896,"Luxembourg"
"LUX",2008,42878.9,59.389694,"Luxembourg"
"LUX",2009,31312.75,56.49086,"Luxembourg"
"LUX",2010,34311.25,63.204834,"Luxembourg"
"LUX",2011,42279.51,61.924755,"Luxembourg"
"LUX",2012,38011.79,64.0331,"Luxembourg"
"LUX",2013,37760.09,61.830307,"Luxembourg"
"LUX",2014,38640.89,71.58993,"Luxembourg"
"LUX",2015,31922.04,76.55745,"Luxembourg"
"LUX",2016,31962,80.007385,"Luxembourg"
"LUX",2017,32572.64,83.16536,"Luxembourg"
"LUX",2018,38267.19,79.94896,"Luxembourg"
"LUX",2019,37341.14,80.32644,"Luxembourg"
"MYS",1989,47529.2,10.225831,"Malaysia"
"MYS",1990,58698.81,10.988868,"Malaysia"
"MYS",1991,70929.08,11.859501,"Malaysia"
"MYS",1992,80556.88,12.286084,"Malaysia"
"MYS",1993,92517.15,12.821822,"Malaysia"
"MYS",1994,117928.63,13.659403,"Malaysia"
"MYS",1995,150823.75,14.970428,"Malaysia"
"MYS",1996,156219.55,14.883565,"Malaysia"
"MYS",1997,157163,15.305839,"Malaysia"
"MYS",1998,131013.64,13.057715,"Malaysia"
"MYS",1999,149451.12,13.360628,"Malaysia"
"MYS",2000,180186.98,14.736472,"Malaysia"
"MYS",2001,161850.72,14.409602,"Malaysia"
"MYS",2002,179418.47,14.822029,"Malaysia"
"MYS",2003,188582.54,15.311852,"Malaysia"
"MYS",2004,231796.51,16.641,"Malaysia"
"MYS",2005,255913.87,18.53259,"Malaysia"
"MYS",2006,291796.28,18.568468,"Malaysia"
"MYS",2007,322066.17,20.199362,"Malaysia"
"MYS",2008,354363.29,22.691992,"Malaysia"
"MYS",2009,280770.11,20.84442,"Malaysia"
"MYS",2010,363376.96,20.954391,"Malaysia"
"MYS",2011,414565.69,22.940886,"Malaysia"
"MYS",2012,423646.12,24.051357,"Malaysia"
"MYS",2013,434129.63,24.076591,"Malaysia"
"MYS",2014,442958.41,23.687654,"Malaysia"
"MYS",2015,376385.47,23.080912,"Malaysia"
"MYS",2016,357789.3,23.226147,"Malaysia"
"MYS",2017,412442.7,23.654076,"Malaysia"
"MYS",2018,466730.12,24.144674,"Malaysia"
"MYS",2019,445242.41,24.75438,"Malaysia"
"MLT",1994,3998.38,20.509079,"Malta"
"MLT",1995,4854.96,19.842632,"Malta"
"MLT",1996,4550.21,19.611084,"Malta"
"MLT",1997,4197.76,22.516294,"Malta"
"MLT",1998,4499.25,23.294172,"Malta"
"MLT",1999,4819.78,24.528719,"Malta"
"MLT",2000,5842.72,30.381235,"Malta"
"MLT",2001,4483.25,27.799385,"Malta"
"MLT",2002,4965.45,27.716108,"Malta"
"MLT",2003,5869.34,29.634447,"Malta"
"MLT",2004,6785.1,29.351349,"Malta"
"MLT",2005,6295.82,31.79536,"Malta"
"MLT",2006,7242.77,30.756136,"Malta"
"MLT",2007,8105.36,31.78621,"Malta"
"MLT",2008,8169.35,30.899437,"Malta"
"MLT",2009,6314.39,30.773615,"Malta"
"MLT",2010,9448.92,32.50011,"Malta"
"MLT",2011,12674.63,34.37887,"Malta"
"MLT",2012,13542.49,34.928337,"Malta"
"MLT",2013,12731.6,33.386295,"Malta"
"MLT",2014,13416,34.085976,"Malta"
"MLT",2015,10703.45,39.66399,"Malta"
"MLT",2016,11220.62,38.347702,"Malta"
"MLT",2017,10905.6,39.21617,"Malta"
"MLT",2018,11072.53,41.81593,"Malta"
"MLT",2019,12353.93,40.627483,"Malta"
"MEX",1990,55904.18,16.928875,"Mexico"
"MEX",1991,65030.03,17.094788,"Mexico"
"MEX",1992,108119.11,17.213825,"Mexico"
"MEX",1993,117158.41,17.013998,"Mexico"
"MEX",1994,139953.53,17.302423,"Mexico"
"MEX",1995,151993.65,16.148466,"Mexico"
"MEX",1996,185016.2,15.773345,"Mexico"
"MEX",1997,222030.15,16.18199,"Mexico"
"MEX",1998,242649.11,17.368303,"Mexico"
"MEX",1999,278218.41,16.686592,"Mexico"
"MEX",2000,345697.96,17.833534,"Mexico"
"MEX",2001,326763.11,17.659796,"Mexico"
"MEX",2002,329401.08,16.67666,"Mexico"
"MEX",2003,335452.3,16.991592,"Mexico"
"MEX",2004,384788.81,17.613306,"Mexico"
"MEX",2005,436026.29,18.715185,"Mexico"
"MEX",2006,506046.47,19.174133,"Mexico"
"MEX",2007,553747.73,19.612604,"Mexico"
"MEX",2008,599847.93,19.282133,"Mexico"
"MEX",2009,464096.87,19.709696,"Mexico"
"MEX",2010,599786.81,19.41408,"Mexico"
"MEX",2011,700169.39,21.060549,"Mexico"
"MEX",2012,741393.96,21.422895,"Mexico"
"MEX",2013,761159.42,21.144402,"Mexico"
"MEX",2014,796874.72,21.27103,"Mexico"
"MEX",2015,775809.95,20.835148,"Mexico"
"MEX",2016,761041.02,21.068047,"Mexico"
"MEX",2017,829790.86,21.020313,"Mexico"
"MEX",2018,914977.91,20.987122,"Mexico"
"MEX",2019,915839.48,20.339481,"Mexico"
"MMR",1992,1067.81,0.98256105,"Myanmar"
"MMR",2010,13739.33,3.7181845,"Myanmar"
"MMR",2011,16699.04,4.0852246,"Myanmar"
"MMR",2012,16902.84,3.299412,"Myanmar"
"MMR",2013,23445.45,4.6283817,"Myanmar"
"MMR",2014,27683.34,4.8591337,"Myanmar"
"MMR",2015,28345.06,4.738345,"Myanmar"
"MMR",2016,27368.46,4.711011,"Myanmar"
"MMR",2017,33132.22,4.7354836,"Myanmar"
"MMR",2018,36048.75,4.774512,"Myanmar"
"MMR",2019,36716.78,5.147914,"Myanmar"
"NLD",1992,274404.21,43.048706,"Netherlands"
"NLD",1993,246810.87,44.567387,"Netherlands"
"NLD",1994,276336.89,45.287746,"Netherlands"
"NLD",1995,335555.6,46.16416,"Netherlands"
"NLD",1996,338264.31,46.58419,"Netherlands"
"NLD",1997,346792.86,48.85034,"Netherlands"
"NLD",1998,324323.41,49.452793,"Netherlands"
"NLD",1999,338413.7,51.94019,"Netherlands"
"NLD",2000,412351.29,56.511986,"Netherlands"
"NLD",2001,411720.08,56.631924,"Netherlands"
"NLD",2002,413935.31,57.185432,"Netherlands"
"NLD",2003,498793.17,57.887104,"Netherlands"
"NLD",2004,602054.32,58.761932,"Netherlands"
"NLD",2005,660404.36,66.80439,"Netherlands"
"NLD",2006,759195.41,67.05721,"Netherlands"
"NLD",2007,899008.27,69.592285,"Netherlands"
"NLD",2008,1040789.98,71.34044,"Netherlands"
"NLD",2009,813692.87,66.42687,"Netherlands"
"NLD",2010,932632.5,67.39713,"Netherlands"
"NLD",2011,1077035.17,68.47871,"Netherlands"
"NLD",2012,1053109.41,70.78001,"Netherlands"
"NLD",2013,1088174.58,74.74744,"Netherlands"
"NLD",2014,1083835.32,70.81941,"Netherlands"
"NLD",2015,877341.52,69.6892,"Netherlands"
"NLD",2016,876229.3,68.148186,"Netherlands"
"NLD",2017,989810.5,70.61846,"Netherlands"
"NLD",2018,1108893.45,70.12136,"Netherlands"
"NLD",2019,1091642.15,69.77961,"Netherlands"
"NZL",1989,17642.27,28.208313,"New Zealand"
"NZL",1990,18953.33,28.456034,"New Zealand"
"NZL",1991,18242.3,28.466188,"New Zealand"
"NZL",1992,19034.94,28.873158,"New Zealand"
"NZL",1993,20212.89,29.425865,"New Zealand"
"NZL",1994,24086.86,30.06471,"New Zealand"
"NZL",1995,27703.06,30.408707,"New Zealand"
"NZL",1996,29078.44,31.179928,"New Zealand"
"NZL",1997,28604.37,32.43919,"New Zealand"
"NZL",1998,23422.12,33.185,"New Zealand"
"NZL",1999,26792.29,34.4251,"New Zealand"
"NZL",2000,27201.83,34.19455,"New Zealand"
"NZL",2001,27036.64,34.61917,"New Zealand"
"NZL",2002,29426.6,34.656883,"New Zealand"
"NZL",2003,35084.27,35.050877,"New Zealand"
"NZL",2004,43536.59,33.844494,"New Zealand"
"NZL",2005,47960.59,34.581734,"New Zealand"
"NZL",2006,48833.54,34.55735,"New Zealand"
"NZL",2007,57821.34,36.66018,"New Zealand"
"NZL",2008,64945.32,37.040737,"New Zealand"
"NZL",2009,50498.45,38.593353,"New Zealand"
"NZL",2010,62008.53,39.632904,"New Zealand"
"NZL",2011,94578.16,41.13166,"New Zealand"
"NZL",2012,75547.42,41.361797,"New Zealand"
"NZL",2013,79062.24,41.392303,"New Zealand"
"NZL",2014,84129.79,41.358177,"New Zealand"
"NZL",2015,70885.66,41.29625,"New Zealand"
"NZL",2016,69775.24,42.350384,"New Zealand"
"NZL",2017,78178.73,42.7376,"New Zealand"
"NZL",2018,83482.33,42.714916,"New Zealand"
"NZL",2019,81811.62,44.547375,"New Zealand"
"NOR",1993,55925.11,47.055927,"Norway"
"NOR",1994,62038.42,48.30773,"Norway"
"NOR",1995,74446.16,51.57199,"Norway"
"NOR",1996,83264.1,57.040657,"Norway"
"NOR",1997,84318.11,58.731735,"Norway"
"NOR",1998,77879.53,54.6418,"Norway"
"NOR",1999,79652.02,60.438477,"Norway"
"NOR",2000,94825.78,74.944664,"Norway"
"NOR",2001,92164.71,77.07967,"Norway"
"NOR",2002,94474.17,75.60525,"Norway"
"NOR",2003,107748.42,83.69843,"Norway"
"NOR",2004,130824.59,88.14824,"Norway"
"NOR",2005,159319.35,108.196556,"Norway"
"NOR",2006,186283.42,114.72537,"Norway"
"NOR",2007,215686.82,111.84552,"Norway"
"NOR",2008,258445.93,123.31775,"Norway"
"NOR",2009,184734.22,106.1077,"Norway"
"NOR",2010,207986.95,114.91975,"Norway"
"NOR",2011,251193.32,124.166626,"Norway"
"NOR",2012,248259.99,129.02542,"Norway"
"NOR",2013,245157.78,125.781,"Norway"
"NOR",2014,234050.69,116.55276,"Norway"
"NOR",2015,180184.51,97.47578,"Norway"
"NOR",2016,162438.12,93.00969,"Norway"
"NOR",2017,187501.88,96.84903,"Norway"
"NOR",2018,210475.32,103.562225,"Norway"
"NOR",2019,190174.86,100.325645,"Norway"
"PAK",2003,24978.69,4.9974833,"Pakistan"
"PAK",2004,28005.78,5.2737136,"Pakistan"
"PAK",2005,41146.78,5.555181,"Pakistan"
"PAK",2006,46758.62,5.891027,"Pakistan"
"PAK",2007,50432.35,6.230948,"Pakistan"
"PAK",2008,62605.62,6.432141,"Pakistan"
"PAK",2009,49138.42,6.6205926,"Pakistan"
"PAK",2010,58950.13,6.673804,"Pakistan"
"PAK",2011,68922.03,7.190615,"Pakistan"
"PAK",2012,68426.94,7.303584,"Pakistan"
"PAK",2013,68896.06,7.2498655,"Pakistan"
"PAK",2014,72267.07,7.532263,"Pakistan"
"PAK",2015,66078.66,7.966741,"Pakistan"
"PAK",2016,67532.06,7.953004,"Pakistan"
"PAK",2017,79317.8,8.322207,"Pakistan"
"PAK",2018,83793.75,8.668698,"Pakistan"
"PAK",2019,73811.74,8.772413,"Pakistan"
"PER",1992,7323.62,4.9737883,"Peru"
"PER",1994,10015.17,5.73697,"Peru"
"PER",1995,13023.73,6.102011,"Peru"
"PER",1996,13782.18,6.2091656,"Peru"
"PER",1997,15317.66,6.4707785,"Peru"
"PER",1998,13892.06,6.0912576,"Peru"
"PER",1999,12754.89,5.917506,"Peru"
"PER",2000,13737.32,5.830105,"Peru"
"PER",2001,14141.55,5.7824183,"Peru"
"PER",2002,15158.21,6.0206456,"Peru"
"PER",2003,17440.69,6.279441,"Peru"
"PER",2004,22827.53,6.6183205,"Peru"
"PER",2005,29616.12,7.1518135,"Peru"
"PER",2006,39076.46,7.8262706,"Peru"
"PER",2007,48452.87,8.373975,"Peru"
"PER",2008,61241.01,8.944306,"Peru"
"PER",2009,48551.77,8.764146,"Peru"
"PER",2010,65773.19,9.678762,"Peru"
"PER",2011,84277.06,10.373608,"Peru"
"PER",2012,88529.47,10.701444,"Peru"
"PER",2013,85890.61,10.763198,"Peru"
"PER",2014,80823.06,10.657607,"Peru"
"PER",2015,71693.37,10.481914,"Peru"
"PER",2016,72457.69,10.576797,"Peru"
"PER",2017,84001.86,10.748999,"Peru"
"PER",2018,91157.67,10.917692,"Peru"
"PER",2019,88507.99,11.008161,"Peru"
"PHL",1996,55243.66,6.9570694,"Philippines"
"PHL",1997,63808.61,6.567474,"Philippines"
"PHL",1998,61026.2,6.0739584,"Philippines"
"PHL",1999,67605.01,5.740606,"Philippines"
"PHL",2000,75085.65,5.7828255,"Philippines"
"PHL",2001,67093.59,5.928682,"Philippines"
"PHL",2002,76300.12,5.8759704,"Philippines"
"PHL",2003,78806.95,5.8353586,"Philippines"
"PHL",2004,85782.66,5.8045473,"Philippines"
"PHL",2005,90742.1,5.94461,"Philippines"
"PHL",2006,101488.11,6.157087,"Philippines"
"PHL",2007,108461.37,6.353869,"Philippines"
"PHL",2008,109497.21,6.639924,"Philippines"
"PHL",2009,84313.54,6.683566,"Philippines"
"PHL",2010,109965.31,7.1145678,"Philippines"
"PHL",2011,111734.81,7.5580993,"Philippines"
"PHL",2012,117345,7.963308,"Philippines"
"PHL",2013,122403.23,8.149555,"Philippines"
"PHL",2014,129528.63,8.372548,"Philippines"
"PHL",2015,128801.55,8.691644,"Philippines"
"PHL",2016,142221.32,8.84958,"Philippines"
"PHL",2017,170602.04,9.45045,"Philippines"
"PHL",2018,182525.69,9.835632,"Philippines"
"PHL",2019,188173.93,9.929681,"Philippines"
"POL",1995,51881.61,15.280071,"Poland"
"POL",1996,61488.07,16.28021,"Poland"
"POL",1997,67958.24,16.8928,"Poland"
"POL",1998,75197.5,17.336582,"Poland"
"POL",1999,73251.08,18.164156,"Poland"
"POL",2000,79083.06,19.336899,"Poland"
"POL",2001,84814.57,19.847076,"Poland"
"POL",2002,94520.24,20.997034,"Poland"
"POL",2003,119901.61,21.38104,"Poland"
"POL",2004,161929.98,21.902554,"Poland"
"POL",2005,190912.76,22.63348,"Poland"
"POL",2006,235226.34,22.724333,"Poland"
"POL",2007,302957.46,23.69253,"Poland"
"POL",2008,382338.41,24.393005,"Poland"
"POL",2009,286211.14,25.316256,"Poland"
"POL",2010,331192.54,28.597836,"Poland"
"POL",2011,397296.64,30.57005,"Poland"
"POL",2012,371033.71,31.27495,"Poland"
"POL",2013,409461.71,31.29155,"Poland"
"POL",2014,431164.08,31.03163,"Poland"
"POL",2015,384157.63,31.873243,"Poland"
"POL",2016,384973.09,32.267654,"Poland"
"POL",2017,439286.2,33.66429,"Poland"
"POL",2018,529515.16,35.659782,"Poland"
"POL",2019,498518.65,37.07774,"Poland"
"PRT",1988,28886.71,16.510382,"Portugal"
"PRT",1989,31867.69,17.015308,"Portugal"
"PRT",1990,41836.42,17.784199,"Portugal"
"PRT",1991,42767.28,18.72974,"Portugal"
"PRT",1992,49175.03,19.302189,"Portugal"
"PRT",1993,39661.6,20.290115,"Portugal"
"PRT",1994,45045.79,21.667118,"Portugal"
"PRT",1995,56935.12,22.206059,"Portugal"
"PRT",1996,57302.84,22.428747,"Portugal"
"PRT",1997,57965.54,23.751776,"Portugal"
"PRT",1998,61266.33,24.190683,"Portugal"
"PRT",1999,64322.13,25.367647,"Portugal"
"PRT",2000,64206.51,26.207767,"Portugal"
"PRT",2001,63542.77,25.943388,"Portugal"
"PRT",2002,65857.66,26.039156,"Portugal"
"PRT",2003,78999.75,26.247849,"Portugal"
"PRT",2004,112577.01,26.312006,"Portugal"
"PRT",2005,102575.8,29.04467,"Portugal"
"PRT",2006,115484.6,30.45835,"Portugal"
"PRT",2007,134750.82,30.840103,"Portugal"
"PRT",2008,151800.07,30.853395,"Portugal"
"PRT",2009,116060.88,31.094946,"Portugal"
"PRT",2010,127096.48,32.866035,"Portugal"
"PRT",2011,142511.92,33.312737,"Portugal"
"PRT",2012,130646.99,34.97005,"Portugal"
"PRT",2013,138508.04,34.65448,"Portugal"
"PRT",2014,142230.28,34.053814,"Portugal"
"PRT",2015,121954.21,34.318027,"Portugal"
"PRT",2016,123324.38,34.488335,"Portugal"
"PRT",2017,140862.96,34.622093,"Portugal"
"PRT",2018,169765.21,34.43423,"Portugal"
"PRT",2019,156605.45,35.147415,"Portugal"
"RUS",1996,149850,12.037783,"Russia"
"RUS",1997,154987,11.550307,"Russia"
"RUS",1998,115986.93,10.657077,"Russia"
"RUS",1999,115091.91,10.068819,"Russia"
"RUS",2000,136972.84,11.213559,"Russia"
"RUS",2001,141733.76,11.383333,"Russia"
"RUS",2002,152868.99,11.556682,"Russia"
"RUS",2003,191001.68,12.55836,"Russia"
"RUS",2004,257169.39,13.977831,"Russia"
"RUS",2005,340158.92,15.850032,"Russia"
"RUS",2006,439361.73,18.233566,"Russia"
"RUS",2007,551992.35,20.971571,"Russia"
"RUS",2008,735045.19,24.01428,"Russia"
"RUS",2009,472622.65,22.15608,"Russia"
"RUS",2010,625979.18,24.944563,"Russia"
"RUS",2011,823084.11,28.113,"Russia"
"RUS",2012,840959.34,29.995682,"Russia"
"RUS",2013,842211.01,29.840853,"Russia"
"RUS",2014,784482.31,28.953226,"Russia"
"RUS",2015,526689.61,25.837358,"Russia"
"RUS",2016,509220.94,25.788391,"Russia"
"RUS",2017,639173.29,27.446236,"Russia"
"RUS",2018,691720.59,29.06468,"Russia"
"RUS",2019,673881.67,29.547054,"Russia"
"SGP",1989,94375.76,22.154364,"Singapore"
"SGP",1990,113506.1,23.198656,"Singapore"
"SGP",1991,125047,21.36511,"Singapore"
"SGP",1992,135636.75,20.746096,"Singapore"
"SGP",1993,159235.96,19.97827,"Singapore"
"SGP",1994,199493.84,18.425158,"Singapore"
"SGP",1995,242766.55,18.623278,"Singapore"
"SGP",1996,256347.75,22.307873,"Singapore"
"SGP",1997,257429.75,21.954796,"Singapore"
"SGP",1998,211636.48,24.276775,"Singapore"
"SGP",1999,225742.59,24.299772,"Singapore"
"SGP",2000,272351.51,30.42399,"Singapore"
"SGP",2001,237756.3,29.471651,"Singapore"
"SGP",2002,241618.02,31.106705,"Singapore"
"SGP",2003,298135.76,30.018806,"Singapore"
"SGP",2004,372213.85,33.862076,"Singapore"
"SGP",2005,431067.95,44.355186,"Singapore"
"SGP",2006,513301.9,46.44072,"Singapore"
"SGP",2007,566360.92,46.967743,"Singapore"
"SGP",2008,664099.12,40.87993,"Singapore"
"SGP",2009,518296.12,39.941437,"Singapore"
"SGP",2010,666311.43,47.979073,"Singapore"
"SGP",2011,788929.48,50.826103,"Singapore"
"SGP",2012,801447.8,49.144577,"Singapore"
"SGP",2013,807978.35,46.140568,"Singapore"
"SGP",2014,793355.89,49.082344,"Singapore"
"SGP",2015,666062.89,48.794605,"Singapore"
"SGP",2016,629990.34,49.45969,"Singapore"
"SGP",2017,700964.26,54.29878,"Singapore"
"SGP",2018,782246.81,55.62514,"Singapore"
"SGP",2019,749306.4,54.55258,"Singapore"
"SVK",1994,13301.16,21.292253,"Slovakia"
"SVK",1995,16536.13,21.491716,"Slovakia"
"SVK",1996,16900.86,22.733274,"Slovakia"
"SVK",1997,21360.87,23.491076,"Slovakia"
"SVK",1998,23788.61,23.097233,"Slovakia"
"SVK",1999,21187.27,22.678707,"Slovakia"
"SVK",2000,24658.68,24.144154,"Slovakia"
"SVK",2001,27405.6,25.50519,"Slovakia"
"SVK",2002,31105.16,26.593657,"Slovakia"
"SVK",2003,44517.72,27.36018,"Slovakia"
"SVK",2004,57320.71,26.86491,"Slovakia"
"SVK",2005,66077.96,29.709795,"Slovakia"
"SVK",2006,86444.87,30.855715,"Slovakia"
"SVK",2007,117243.79,32.386356,"Slovakia"
"SVK",2008,142800.26,34.62105,"Slovakia"
"SVK",2009,110712.96,33.67581,"Slovakia"
"SVK",2010,130934.96,37.117123,"Slovakia"
"SVK",2011,157797.73,37.21693,"Slovakia"
"SVK",2012,156247.35,37.538563,"Slovakia"
"SVK",2013,165939.91,36.791916,"Slovakia"
"SVK",2014,166939.38,37.956326,"Slovakia"
"SVK",2015,148114.91,37.41844,"Slovakia"
"SVK",2016,151931.13,35.256275,"Slovakia"
"SVK",2017,165301.11,35.165665,"Slovakia"
"SVK",2018,186451.07,35.154427,"Slovakia"
"SVK",2019,180836.15,35.82719,"Slovakia"
"SVN",1995,17807.45,25.936514,"Slovenia"
"SVN",1996,17730.45,27.861086,"Slovenia"
"SVN",1997,17734.51,29.07035,"Slovenia"
"SVN",1998,19160.89,28.589737,"Slovenia"
"SVN",1999,18627.29,29.04555,"Slovenia"
"SVN",2000,18846.83,30.183662,"Slovenia"
"SVN",2001,19398.73,30.578573,"Slovenia"
"SVN",2002,21289.16,30.27885,"Slovenia"
"SVN",2003,26619.28,31.049395,"Slovenia"
"SVN",2004,33448.22,31.913849,"Slovenia"
"SVN",2005,37522.32,35.70346,"Slovenia"
"SVN",2006,43996.14,35.830597,"Slovenia"
"SVN",2007,56027.31,36.134407,"Slovenia"
"SVN",2008,63238.46,38.628654,"Slovenia"
"SVN",2009,46307.25,36.110195,"Slovenia"
"SVN",2010,51026.46,37.615192,"Slovenia"
"SVN",2011,60220.98,40.164043,"Slovenia"
"SVN",2012,55462.59,40.54615,"Slovenia"
"SVN",2013,58004.18,40.011208,"Slovenia"
"SVN",2014,60571.41,39.85244,"Slovenia"
"SVN",2015,52457.21,38.51726,"Slovenia"
"SVN",2016,54348.1,39.546898,"Slovenia"
"SVN",2017,63043.23,40.554752,"Slovenia"
"SVN",2018,72738.62,42.5601,"Slovenia"
"SVN",2019,75736.64,42.50005,"Slovenia"
"ZAF",2001,51592.77,14.418629,"South Africa"
"ZAF",2002,49285.06,14.43183,"South Africa"
"ZAF",2003,66050.37,15.460175,"South Africa"
"ZAF",2004,87866.79,16.013725,"South Africa"
"ZAF",2005,102023.69,16.981928,"South Africa"
"ZAF",2006,121070.89,16.608631,"South Africa"
"ZAF",2007,143899.2,17.33961,"South Africa"
"ZAF",2008,161558.62,17.446796,"South Africa"
"ZAF",2009,117629.95,17.575262,"South Africa"
"ZAF",2010,165730.43,18.785038,"South Africa"
"ZAF",2011,210749.37,18.793608,"South Africa"
"ZAF",2012,203004.91,19.016754,"South Africa"
"ZAF",2013,198372,18.848959,"South Africa"
"ZAF",2014,192385.27,18.931772,"South Africa"
"ZAF",2016,151061.74,17.885271,"South Africa"
"ZAF",2017,171320.1,18.054855,"South Africa"
"ZAF",2018,186314.39,17.883596,"South Africa"
"ZAF",2019,177433.48,17.969189,"South Africa"
"KOR",1988,112375.38,9.890169,"South Korea"
"KOR",1989,123812.46,10.91254,"South Korea"
"KOR",1990,134855.22,12.182273,"South Korea"
"KOR",1991,153389.67,13.509274,"South Korea"
"KOR",1992,158389.78,14.439435,"South Korea"
"KOR",1993,166026.08,15.54809,"South Korea"
"KOR",1994,198350.2,17.106663,"South Korea"
"KOR",1995,260169.35,18.621534,"South Korea"
"KOR",1996,280046.84,20.472479,"South Korea"
"KOR",1997,280765.23,20.179276,"South Korea"
"KOR",1998,225583.23,19.581148,"South Korea"
"KOR",1999,263436.64,21.307796,"South Korea"
"KOR",2000,332746.76,21.869509,"South Korea"
"KOR",2001,291527.98,22.238785,"South Korea"
"KOR",2002,314590.47,23.674788,"South Korea"
"KOR",2003,372643.15,25.069714,"South Korea"
"KOR",2004,478305.53,26.519978,"South Korea"
"KOR",2005,545653.75,28.836796,"South Korea"
"KOR",2006,634836.73,29.512959,"South Korea"
"KOR",2007,728318.13,31.401978,"South Korea"
"KOR",2008,857274.86,32.576744,"South Korea"
"KOR",2009,686612.73,32.299507,"South Korea"
"KOR",2010,891588.63,34.401585,"South Korea"
"KOR",2011,1079614.12,34.31749,"South Korea"
"KOR",2012,1067430.05,34.104088,"South Korea"
"KOR",2013,1075191.53,33.014214,"South Korea"
"KOR",2014,1098631.75,34.302982,"South Korea"
"KOR",2015,963239.94,35.88307,"South Korea"
"KOR",2016,901599.66,36.87733,"South Korea"
"KOR",2017,1052096.54,39.083927,"South Korea"
"KOR",2018,1139990.69,40.092373,"South Korea"
"KOR",2019,1045434.68,40.768528,"South Korea"
"ESP",1989,115894.53,29.23166,"Spain"
"ESP",1990,143335.41,29.706087,"Spain"
"ESP",1991,153513.37,30.560263,"Spain"
"ESP",1992,164074.45,31.970045,"Spain"
"ESP",1993,140717.94,33.561295,"Spain"
"ESP",1994,165690.29,35.232494,"Spain"
"ESP",1995,203014.66,36.420605,"Spain"
"ESP",1996,224775.19,37.20397,"Spain"
"ESP",1997,230658.35,38.65604,"Spain"
"ESP",1998,243773.82,39.347706,"Spain"
"ESP",1999,259358.8,39.084496,"Spain"
"ESP",2000,270298.99,39.56358,"Spain"
"ESP",2001,271141.41,39.063046,"Spain"
"ESP",2002,291733.84,39.386444,"Spain"
"ESP",2003,372471.42,38.99506,"Spain"
"ESP",2004,437168.32,39.34177,"Spain"
"ESP",2005,482372.54,42.210934,"Spain"
"ESP",2006,543990.94,44.520966,"Spain"
"ESP",2007,645085.06,46.45947,"Spain"
"ESP",2008,697904.7,47.022587,"Spain"
"ESP",2009,510577.59,48.159397,"Spain"
"ESP",2010,565729.51,48.991467,"Spain"
"ESP",2011,665265.84,49.908657,"Spain"
"ESP",2012,622360.49,52.12421,"Spain"
"ESP",2013,648357.81,52.641403,"Spain"
"ESP",2014,672410.8,52.219486,"Spain"
"ESP",2015,581666.62,53.697327,"Spain"
"ESP",2016,586692.33,54.58749,"Spain"
"ESP",2017,653021.78,56.063015,"Spain"
"ESP",2018,737121.03,55.855927,"Spain"
"ESP",2019,712700.28,56.31081,"Spain"
"LKA",1990,4546.71,5.8184776,"Sri Lanka"
"LKA",1991,5076.91,5.9432445,"Sri Lanka"
"LKA",1992,5873.22,6.4665484,"Sri Lanka"
"LKA",1993,6589.84,6.633952,"Sri Lanka"
"LKA",1994,7693,7.239582,"Sri Lanka"
"LKA",1999,9805.5,7.744222,"Sri Lanka"
"LKA",2000,11515.34,7.3130565,"Sri Lanka"
"LKA",2001,10141.65,7.4968944,"Sri Lanka"
"LKA",2002,10761.65,8.34636,"Sri Lanka"
"LKA",2003,11382.13,8.783546,"Sri Lanka"
"LKA",2004,13318.71,8.072611,"Sri Lanka"
"LKA",2005,14466.93,8.027195,"Sri Lanka"
"LKA",2006,16533.15,9.716973,"Sri Lanka"
"LKA",2007,19047.05,10.624909,"Sri Lanka"
"LKA",2008,21805.88,10.802232,"Sri Lanka"
"LKA",2009,16553.34,12.216344,"Sri Lanka"
"LKA",2010,20657.76,12.932431,"Sri Lanka"
"LKA",2011,29707.76,13.874193,"Sri Lanka"
"LKA",2012,27254.7,15.157523,"Sri Lanka"
"LKA",2013,27935.69,16.48785,"Sri Lanka"
"LKA",2014,30539.95,16.443434,"Sri Lanka"
"LKA",2015,29406.96,16.714605,"Sri Lanka"
"LKA",2016,30046.65,17.275408,"Sri Lanka"
"LKA",2017,33057.24,17.048513,"Sri Lanka"
"LKA",2019,31448.47,18.01952,"Sri Lanka"
"SWE",1992,105620.51,37.865353,"Sweden"
"SWE",1993,92311.55,37.79536,"Sweden"
"SWE",1994,112839.18,39.588776,"Sweden"
"SWE",1995,139083,41.539886,"Sweden"
"SWE",1996,147839.64,42.876877,"Sweden"
"SWE",1997,144645.6,44.848827,"Sweden"
"SWE",1998,153598.09,45.998344,"Sweden"
"SWE",1999,139649.91,47.301346,"Sweden"
"SWE",2000,159703.89,49.93068,"Sweden"
"SWE",2001,139839.59,48.27664,"Sweden"
"SWE",2002,150104.09,49.211044,"Sweden"
"SWE",2003,186610.41,51.32245,"Sweden"
"SWE",2004,224142.22,53.313663,"Sweden"
"SWE",2005,241615.06,55.468353,"Sweden"
"SWE",2006,274471.33,56.860283,"Sweden"
"SWE",2007,321884.18,58.842804,"Sweden"
"SWE",2008,352862.32,59.523712,"Sweden"
"SWE",2009,251064.89,57.281887,"Sweden"
"SWE",2010,307198.86,58.980328,"Sweden"
"SWE",2011,363842.75,61.892174,"Sweden"
"SWE",2012,336982.6,62.106907,"Sweden"
"SWE",2013,328080.57,61.808903,"Sweden"
"SWE",2014,326935.94,61.54204,"Sweden"
"SWE",2015,277993.74,63.007225,"Sweden"
"SWE",2016,280085.79,62.609314,"Sweden"
"SWE",2017,307093.3,64.33747,"Sweden"
"SWE",2018,336219.21,63.764103,"Sweden"
"SWE",2019,319489.42,65.53587,"Sweden"
"CHE",1988,107082.71,40.27111,"Switzerland"
"CHE",1989,109742.36,41.45908,"Switzerland"
"CHE",1990,133485.06,42.746082,"Switzerland"
"CHE",1991,128033.99,41.561443,"Switzerland"
"CHE",1992,131418.78,42.012085,"Switzerland"
"CHE",1993,124012.7,42.976044,"Switzerland"
"CHE",1994,138357.36,43.79015,"Switzerland"
"CHE",1995,161793.11,45.12358,"Switzerland"
"CHE",1996,158049.62,46.428757,"Switzerland"
"CHE",1997,152050.29,48.614483,"Switzerland"
"CHE",1998,158949.68,49.182507,"Switzerland"
"CHE",1999,160156.79,49.913273,"Switzerland"
"CHE",2000,186306.03,50.3207,"Switzerland"
"CHE",2001,188668.02,50.60761,"Switzerland"
"CHE",2002,200155.09,51.1782,"Switzerland"
"CHE",2003,228350.33,51.978863,"Switzerland"
"CHE",2004,265263.45,52.806225,"Switzerland"
"CHE",2005,297014.94,57.021378,"Switzerland"
"CHE",2006,330506.87,59.944504,"Switzerland"
"CHE",2007,385663.14,64.84992,"Switzerland"
"CHE",2008,466265.58,68.55738,"Switzerland"
"CHE",2009,412000.72,67.56619,"Switzerland"
"CHE",2010,371889.91,70.88482,"Switzerland"
"CHE",2011,443039.16,76.303345,"Switzerland"
"CHE",2012,607311.15,78.00944,"Switzerland"
"CHE",2013,678963.44,77.79825,"Switzerland"
"CHE",2014,586647.53,78.753746,"Switzerland"
"CHE",2015,540818.87,77.436226,"Switzerland"
"CHE",2016,571779.4,77.82247,"Switzerland"
"CHE",2017,566825.32,80.58823,"Switzerland"
"CHE",2018,589195.23,81.968315,"Switzerland"
"CHE",2019,590074.02,82.918655,"Switzerland"
"THA",1989,45820.94,3.9215462,"Thailand"
"THA",1990,56440.07,4.526281,"Thailand"
"THA",1991,66009.18,4.676503,"Thailand"
"THA",1992,73161.18,4.9308076,"Thailand"
"THA",1993,83406.12,5.5268965,"Thailand"
"THA",1994,99672.61,5.9042473,"Thailand"
"THA",1995,127220.1,6.5853,"Thailand"
"THA",1996,127994.28,7.4958553,"Thailand"
"THA",1997,120744.2,6.877873,"Thailand"
"THA",1998,95953.55,5.889067,"Thailand"
"THA",1999,108732.1,6.183715,"Thailand"
"THA",2000,130740.35,6.1977625,"Thailand"
"THA",2001,126879.81,6.5658803,"Thailand"
"THA",2002,132753.09,6.9211497,"Thailand"
"THA",2003,156147.41,7.300802,"Thailand"
"THA",2004,190650.51,7.6645355,"Thailand"
"THA",2005,228274.37,8.444663,"Thailand"
"THA",2006,259164.53,8.8521385,"Thailand"
"THA",2007,297332.58,9.2954645,"Thailand"
"THA",2008,354521.03,9.652878,"Thailand"
"THA",2009,286266.84,9.282351,"Thailand"
"THA",2010,377704.9,10.453212,"Thailand"
"THA",2011,457307.27,11.046585,"Thailand"
"THA",2012,477120.36,12.355092,"Thailand"
"THA",2013,479235.68,12.694019,"Thailand"
"THA",2014,455504.27,12.534133,"Thailand"
"THA",2015,416951.73,12.897164,"Thailand"
"THA",2016,409577.53,13.135729,"Thailand"
"THA",2017,458148.09,14.745839,"Thailand"
"THA",2018,501658.67,14.859359,"Thailand"
"THA",2019,450479.2,15.167234,"Thailand"
"TTO",1991,3657.99,22.889187,"Trinidad and Tobago"
"TTO",1992,3241.76,21.78846,"Trinidad and Tobago"
"TTO",1993,3124.97,20.282984,"Trinidad and Tobago"
"TTO",1994,3088.01,19.54792,"Trinidad and Tobago"
"TTO",1995,4190.63,18.79509,"Trinidad and Tobago"
"TTO",1996,4773.7,17.768461,"Trinidad and Tobago"
"TTO",1997,5629.05,17.40852,"Trinidad and Tobago"
"TTO",1998,5275.25,16.4345,"Trinidad and Tobago"
"TTO",1999,5549.42,18.962158,"Trinidad and Tobago"
"TTO",2000,7582.05,22.101263,"Trinidad and Tobago"
"TTO",2001,9054.43,20.48534,"Trinidad and Tobago"
"TTO",2002,7514.36,21.240498,"Trinidad and Tobago"
"TUR",1989,27387.03,17.013956,"Turkey"
"TUR",1990,35260.05,18.645437,"Turkey"
"TUR",1991,34640.45,17.0931,"Turkey"
"TUR",1992,37585.64,17.62716,"Turkey"
"TUR",1993,44778.21,20.266287,"Turkey"
"TUR",1994,41374.01,17.478455,"Turkey"
"TUR",1995,57306.07,19.02518,"Turkey"
"TUR",1996,65977.99,20.25807,"Turkey"
"TUR",1997,74829.74,21.55358,"Turkey"
"TUR",1998,72789.55,20.888668,"Turkey"
"TUR",1999,67273.88,19.306677,"Turkey"
"TUR",2000,82277.73,21.29033,"Turkey"
"TUR",2001,72733.02,20.841036,"Turkey"
"TUR",2002,87609.17,20.80566,"Turkey"
"TUR",2003,116589.68,20.569073,"Turkey"
"TUR",2004,160704.76,23.346582,"Turkey"
"TUR",2005,190247,25.003391,"Turkey"
"TUR",2006,225106.17,27.891794,"Turkey"
"TUR",2007,277334.46,30.429176,"Turkey"
"TUR",2008,333990.77,31.903471,"Turkey"
"TUR",2009,243071.03,31.13515,"Turkey"
"TUR",2010,299427.55,33.744137,"Turkey"
"TUR",2011,375748.55,35.660713,"Turkey"
"TUR",2012,389006.88,36.57103,"Turkey"
"TUR",2013,422303.71,38.42478,"Turkey"
"TUR",2014,417647.29,39.79341,"Turkey"
"TUR",2015,364601.32,41.47944,"Turkey"
"TUR",2016,351436.24,40.536507,"Turkey"
"TUR",2017,403209.75,41.799202,"Turkey"
"TUR",2018,408321.24,43.00543,"Turkey"
"TUR",2019,391177.92,43.692204,"Turkey"
"GBR",1993,363368.52,33.45371,"United Kingdom"
"GBR",1994,422752.35,33.91728,"United Kingdom"
"GBR",1995,495828.68,36.779327,"United Kingdom"
"GBR",1996,536342.23,38.637474,"United Kingdom"
"GBR",1997,584042.38,40.242714,"United Kingdom"
"GBR",1998,582174.8,41.010826,"United Kingdom"
"GBR",1999,580775.57,42.357723,"United Kingdom"
"GBR",2000,669601.74,44.76795,"United Kingdom"
"GBR",2001,638128.4,45.33829,"United Kingdom"
"GBR",2002,658055.75,45.502758,"United Kingdom"
"GBR",2003,737429.39,46.255444,"United Kingdom"
"GBR",2004,857914.14,46.993843,"United Kingdom"
"GBR",2005,921204.97,49.651768,"United Kingdom"
"GBR",2006,1073410.21,50.061077,"United Kingdom"
"GBR",2007,1133923.41,49.39457,"United Kingdom"
"GBR",2008,1187365.12,50.692265,"United Kingdom"
"GBR",2009,911657.57,48.38714,"United Kingdom"
"GBR",2010,1049631.64,51.329544,"United Kingdom"
"GBR",2011,1234894.92,51.850594,"United Kingdom"
"GBR",2012,1170362.76,52.153336,"United Kingdom"
"GBR",2013,1205264.38,53.171543,"United Kingdom"
"GBR",2014,1205489.76,52.07599,"United Kingdom"
"GBR",2015,1096546.74,53.37609,"United Kingdom"
"GBR",2016,1047831.3,53.079872,"United Kingdom"
"GBR",2017,1082755.01,54.676918,"United Kingdom"
"GBR",2018,1162534.62,54.799587,"United Kingdom"
"GBR",2019,1160816.59,54.34881,"United Kingdom"
"USA",1991,930499.42,45.744625,"United States"
"USA",1992,1000826.57,47.651917,"United States"
"USA",1993,1067910.72,48.10981,"United States"
"USA",1994,1201366.77,48.650463,"United States"
"USA",1995,1353786.13,49.04458,"United States"
"USA",1996,1440411.29,50.09086,"United States"
"USA",1997,1585558,51.070477,"United States"
"USA",1998,1624784.7,52.246185,"United States"
"USA",1999,1752003.9,53.717453,"United States"
"USA",2000,1999763.64,55.11331,"United States"
"USA",2001,1869980.58,56.182423,"United States"
"USA",2002,1893164.14,57.68048,"United States"
"USA",2003,2027570.09,59.586433,"United States"
"USA",2004,2340148.61,61.241177,"United States"
"USA",2005,2635890.55,62.52242,"United States"
"USA",2006,2956026.34,63.186916,"United States"
"USA",2007,3179658.93,63.884613,"United States"
"USA",2008,3464732.91,64.56712,"United States"
"USA",2009,2658607.9,66.34159,"United States"
"USA",2010,3246359.09,68.20562,"United States"
"USA",2011,3745301.26,68.31264,"United States"
"USA",2012,3819393.88,68.82278,"United States"
"USA",2013,3843498.52,69.43636,"United States"
"USA",2014,4030598.34,70.00538,"United States"
"USA",2015,3815270.43,70.63671,"United States"
"USA",2016,3698073.52,70.92089,"United States"
"USA",2017,3951086.23,71.63857,"United States"
"USA",2018,4276735.43,72.48703,"United States"
"USA",2019,4211768.42,73.7004,"United States"
"URY",1994,4621.65,16.9259,"Uruguay"
"URY",1995,4971.91,16.467913,"Uruguay"
"URY",1996,5719.82,17.332657,"Uruguay"
"URY",1997,6445.05,17.354332,"Uruguay"
"URY",1998,6577.26,17.478636,"Uruguay"
"URY",1999,5593.28,16.867584,"Uruguay"
"URY",2000,5761.21,16.522802,"Uruguay"
"URY",2001,5118.42,16.101044,"Uruguay"
"URY",2002,3827.88,15.725895,"Uruguay"
"URY",2003,4398.52,15.925493,"Uruguay"
"URY",2004,6055.86,15.562443,"Uruguay"
"URY",2005,7300.77,16.295483,"Uruguay"
"URY",2006,8795.38,16.68038,"Uruguay"
"URY",2007,10145.21,17.82848,"Uruguay"
"URY",2008,15011.25,19.192266,"Uruguay"
"URY",2009,12311.48,20.335516,"Uruguay"
"URY",2010,15345.92,23.218733,"Uruguay"
"URY",2011,18638.13,24.969807,"Uruguay"
"URY",2012,20361.33,25.788666,"Uruguay"
"URY",2013,20708.13,26.35496,"Uruguay"
"URY",2014,19928.01,27.157722,"Uruguay"
"URY",2015,17158.93,27.477356,"Uruguay"
"URY",2016,15100.18,27.915611,"Uruguay"
"URY",2017,16347.27,28.295845,"Uruguay"
"URY",2018,16395.39,28.267454,"Uruguay"
"URY",2019,15926.11,28.378277,"Uruguay"
"VEN",1994,24686.34,12.315057,"Venezuela"
"VEN",1995,29884.29,12.324745,"Venezuela"
"VEN",1996,31974.55,11.986189,"Venezuela"
"VEN",1997,36048.65,11.541097,"Venezuela"
"VEN",1998,31304.47,10.0934515,"Venezuela"
"VEN",1999,33630.14,10.557389,"Venezuela"
"VEN",2000,45532.3,12.499258,"Venezuela"
"VEN",2001,41739.87,11.6547985,"Venezuela"
"VEN",2002,35660.62,10.873657,"Venezuela"
"VEN",2003,33332.01,10.620219,"Venezuela"
"VEN",2004,54583.81,12.628008,"Venezuela"
"VEN",2005,77261.01,15.701362,"Venezuela"
"VEN",2006,91944.24,17.796515,"Venezuela"
"VNM",2000,30119.27,2.1008787,"Vietnam"
"VNM",2001,31247.12,2.3221524,"Vietnam"
"VNM",2002,36451.6,2.4716961,"Vietnam"
"VNM",2003,45405.1,2.5970147,"Vietnam"
"VNM",2004,58453.85,2.7989905,"Vietnam"
"VNM",2005,69208.25,3.0270452,"Vietnam"
"VNM",2006,84717.34,3.0816696,"Vietnam"
"VNM",2007,111326.03,3.380881,"Vietnam"
"VNM",2008,143398.96,3.399545,"Vietnam"
"VNM",2009,127045.08,3.2103312,"Vietnam"
"VNM",2010,157075.21,3.712698,"Vietnam"
"VNM",2011,203655.52,3.8844273,"Vietnam"
"VNM",2012,228309.6,4.0761576,"Vietnam"
"VNM",2013,264065.38,4.3015313,"Vietnam"
"VNM",2014,298056.19,4.804195,"Vietnam"
"VNM",2015,327792.6,4.946606,"Vietnam"
"VNM",2016,351559.14,5.1569247,"Vietnam"
"VNM",2017,428333.91,5.652919,"Vietnam"
"VNM",2018,480567.52,5.982665,"Vietnam"
"VNM",2019,518052.34,6.739149,"Vietnam"
